Episode;Episode title;KAY;Description
1;Roller Coaster Murder Case;MAIN PLOT;Introduction of main characters (Conan/Shinichi, Ran, Kogoro, Agasa, Megure, Gin, Vodka) and initial setup.
2;Company President's Daughter Kidnapping Case (Remastered);MAIN PLOT;Introduction of main characters (Conan/Shinichi, Ran, Kogoro, Agasa, Megure, Gin, Vodka) and initial setup.
3;An Idol's Locked Room Murder Case;MANGA CANON;Character development and introduction of new elements.
4;The Coded Map of the City Case;MANGA CANON;First focus episode for Mitsuhiko, Ayumi, and Genta.
5;The Fated Blue Birthday (TV Special);MANGA CANON;Minor character development and setup for episode 7.
6;Episode One: The Great Detective Turned Small (TV Special);FILLER;FILLER
7;Love Story at Police Headquarters ~Wedding Eve~ (TV Special);MAIN PLOT;"Main character development; Ran comes close to discovering Conan's identity."
8;The Secret of the Red Tear (TV Special);FILLER;FILLER
9;Tenkaichi Night Festival Murder Case (Remastered);FILLER;FILLER
10;Pro Soccer Player Blackmail Case;MANGA CANON;Introduction of recurring minor elements.
11;Moonlight Sonata Murder Case (1 Hour Special) (Rerun);MANGA CANON;Events referenced in later character development (episodes 77-78). (1 Hour Special)
12;Tears of Love for the Dark Knight (TV Special);MANGA CANON;Introduction of turbo skateboard, detective badge, and formation of the Detective Boys.
13;The Strange Person Hunt Murder Case;MAIN PLOT;Introduction of Miyano Akemi.
14;The Mysterious Shooting Message Case;FILLER;FILLER
15;Missing Corpse Murder Case;FILLER;FILLER
16;The Antique Collector Murder Case;FILLER;FILLER
17;Hijacked Department Store Case;FILLER;FILLER
18;A June Bride Murder Case;MANGA CANON;Introduction of Superintendent Matsumoto.
19;An Elevator Murder Case;FILLER;FILLER
20;A Haunted Mansion Murder Case;MANGA CANON;"Introduction of the Elasticity Suspenders; first introduction of the Detective Boys in the manga."
21;On Location, TV Drama Murder Case;FILLER;FILLER
22;Luxury Liner Serial Murder Case (Part 1);FILLER;FILLER
23;Luxury Liner Serial Murder Case (Part 2) (Remastered);FILLER;FILLER
24;The Mysterious Woman With Amnesia Case;FILLER;FILLER
25;The False Kidnapping and Hostage Case;FILLER;FILLER
26;Pet Dog John Murder Case;FILLER;FILLER
27;Kogoro's Class Reunion Murder Case (Part 1);MANGA CANON;Character development for Mōri Kogorō.
28;Kogoro's Class Reunion Murder Case (Part 2) (Remastered);MANGA CANON;Character development for Mōri Kogorō.
29;Computer Murder Case;FILLER;FILLER
30;Alibi Testimony Murder Case;FILLER;FILLER
31;TV Station Murder Case (Remastered);FILLER;FILLER
32;Coffee Shop Murder Case;MANGA CANON;Introduces Kisaki Eri, Ran’s mom.
33;Detective Boys Survival Case;FILLER;FILLER
34;Mountain Villa Bandaged Man Murder Case (Part 1);MANGA CANON;Suzuki Sonoko development. This case was her first appearance in the manga.
35;Mountain Villa Bandaged Man Murder Case (Part 2);MANGA CANON;Suzuki Sonoko development. This case was her first appearance in the manga.
36;Monday Night 7:30 p.m. Murder Case;FILLER;FILLER
37;Cactus's Flower Murder Case (Remastered);FILLER;FILLER
38;Akaoni Village Fire Festival Murder Case (Remastered);FILLER;FILLER
39;Wealthy Daughter Murder Case (Part 1);FILLER;FILLER
40;Wealthy Daughter Murder Case (Part 2) (Remastered);FILLER;FILLER
41;Victory Flag Tearing Case;FILLER;FILLER
42;Karaoke Box Murder Case (Remastered);FILLER;FILLER
43;Conan Edogawa Kidnapping Case (Remastered);MAIN PLOT;Introduces two characters who will have central roles in many main plot events. Also has some Black Organization reference.
44;Three Hotta Siblings Murder Case;FILLER;FILLER
45;Facial Mask Murder Case (Remastered);FILLER;FILLER
46;Alpine Hut in the Snowy Mountain Murder Case (Remastered);FILLER;FILLER
47;Sports Club Murder Case (Remastered);FILLER;FILLER
48;Diplomat Murder Case (Part 1);MAIN PLOT;Introduces Hattori Heiji. This also marks the first time Conan manages to temporarily return to his original body.
49;Diplomat Murder Case (Part 2);MAIN PLOT;Introduces Hattori Heiji. This also marks the first time Conan manages to temporarily return to his original body.
50;Library Murder Case;MAIN PLOT;Introduces Hattori Heiji. This also marks the first time Conan manages to temporarily return to his original body.
51;The Golf Driving Range Murder Case;FILLER;FILLER
52;The Mist Goblin Legend Murder Case (1 Hour Special) (Rerun);FILLER;FILLER
53;The Mystery Weapon Murder Case;FILLER;FILLER
54;Game Company Murder Case;MAIN PLOT;Some Black Organization stuff.
55;The Train Trick Murder Case;FILLER;FILLER
56;The Ojamanbou Murder Case;FILLER;FILLER
57;Holmes Freak Murder Case (Part 1) (Remastered);MAIN PLOT;Hattori Heiji major development.
58;Holmes Freak Murder Case (Part 2);MAIN PLOT;Hattori Heiji major development.
59;The First Errand Murder Case;FILLER;FILLER
60;An Illustrator Murder Case;FILLER;FILLER
61;A Ghost Ship Murder Case (Part 1);FILLER;FILLER
62;A Ghost Ship Murder Case (Part 2);FILLER;FILLER
63;Big Monster Gomera Murder Case (Remastered);FILLER;FILLER
64;The Third Fingerprint Murder Case;FILLER;FILLER
65;A Crab and Whale Kidnapping Case;FILLER;FILLER
66;Night Road Murder Case;FILLER;FILLER
67;Stage Actress Murder Case;FILLER;FILLER
68;Night Baron Murder Case (The Case) (Remastered);FILLER;FILLER
69;Night Baron Murder Case (The Suspicion);FILLER;FILLER
70;Night Baron Murder Case (The Resolution);FILLER;FILLER
71;A Stalker's Murder Case;FILLER;FILLER
72;The Triplet's Country Home Murder Case;FILLER;FILLER
73;The Detective Boys' Disaster Case;FILLER;FILLER
74;The Death God Jinnai Murder Case;FILLER;FILLER
75;Loan Company President's Murder Case (Remastered);FILLER;FILLER
76;Conan vs. Kaitou Kid (1 Hour Special) (Remastered);MANGA CANON;First appearance of Kaitō Kid in Detective Conan. (1 Hour Special)
77;Distinguished Family's Consecutive Accidental Death Case (Part 1);MANGA CANON;Heiji case. Some Conan development.
78;Distinguished Family's Consecutive Accidental Death Case (Part 2);MANGA CANON;Heiji case. Some Conan development.
79;The Bank Heist Murder Case (Remastered);FILLER;FILLER
80;The Wandering Artist Murder Case (Remastered);FILLER;FILLER
81;The Kidnapping of a Popular Artist Case (Part 1);MANGA CANON;Voice actor references galore.
82;The Kidnapping of a Popular Artist Case (Part 2);MANGA CANON;Voice actor references galore.
83;General Hospital Murder Case;FILLER;FILLER
84;Ski Lodge Murder Case (Part 1);FILLER;FILLER
85;Ski Lodge Murder Case (Part 2);FILLER;FILLER
86;The Kidnapping Location Case;FILLER;FILLER
87;The Crane's Return of a Favor Murder Case;FILLER;FILLER
88;Dracula's Villa Murder Case (Part 1);FILLER;FILLER
89;Dracula's Villa Murder Case (Part 2);FILLER;FILLER
90;The Flower Scent Murder Case;FILLER;FILLER
91;The Bank Robber's Hospitalization Case (Remastered);FILLER;FILLER
92;The Fearful Traversing Murder Case (Part 1);FILLER;FILLER
93;The Fearful Traversing Murder Case (Part 2);FILLER;FILLER
94;Snow Woman's Legend Murder Case;FILLER;FILLER
95;Kogoro's Date Murder Case;FILLER;FILLER
96;The Cornered Famous Detective! Two Big Murder Cases (2 Hour Special);MANGA CANON;Main character development. (2 Hour Special)
97;The Farewell Wine Murder Case;FILLER;FILLER
98;The Famous Potter Murder Case (Part 1) (Remastered);FILLER;FILLER
99;The Famous Potter Murder Case (Part 2);FILLER;FILLER
100;The Memories of First Love Case (Part 1) (Remastered);MANGA CANON;Shinichi case. Main character development.
101;The Memories of First Love Case (Part 2) (Remastered);MANGA CANON;Shinichi case. Main character development.
102;The Historical Actor Murder Case (Part 1) (Remastered);FILLER;FILLER
103;The Historical Actor Murder Case (Part 2) (Remastered);FILLER;FILLER
104;The Mysterious Mansion of a Band of Thieves Case (Part 1);FILLER;FILLER
105;The Mysterious Mansion of a Band of Thieves Case (Part 2);FILLER;FILLER
106;Scoop Picture Murder Case;FILLER;FILLER
107;The Mysterious Mole Alien Case (Part 1) (Remastered);FILLER;FILLER
108;The Mysterious Mole Alien Case (Part 2) (Remastered);FILLER;FILLER
109;Detective Club Pursuit Case;FILLER;FILLER
110;Cooking Classroom Murder Case (Part 1);FILLER;FILLER
111;Cooking Classroom Murder Case (Part 2);FILLER;FILLER
112;The Seven Mysteries of Teitan Elementary School Case (Remastered);FILLER;FILLER
113;The White Sandy Beach Murder Case;FILLER;FILLER
114;Scuba Diving Murder Case (Part 1);FILLER;FILLER
115;Scuba Diving Murder Case (Part 2);FILLER;FILLER
116;The Mystery Writer Disappearance Case (Part 1);FILLER;FILLER
117;The Mystery Writer Disappearance Case (Part 2);FILLER;FILLER
118;The Naniwa Serial Murder Case (1 Hour Special);MANGA CANON;Heiji case. Introduces Tōyama Kazuha. Builds on the Conan development throughline from 11 and 77-79. (1 Hour Special)
119;The Kamen Yaiba Murder Case;FILLER;FILLER
120;A Honey Cocktail Murder Case;FILLER;FILLER
121;The Locked Bathroom Murder Case (Part 1);FILLER;FILLER
122;The Locked Bathroom Murder Case (Part 2);FILLER;FILLER
123;The Weather Girl Kidnapping Case;FILLER;FILLER
124;A Mysterious Sniper Murder Case (Part 1);FILLER;FILLER
125;A Mysterious Sniper Murder Case (Part 2);FILLER;FILLER
126;The Traveling Drama Troupe Murder Case (Part 1);FILLER;FILLER
127;The Traveling Drama Troupe Murder Case (Part 2);FILLER;FILLER
128;The Black Organization: One Billion Yen Robbery Case;MAIN PLOT;“The Black Organization: One Billion Yen Robbery Case”
129;The Girl from the Black Organization and the University Professor Murder Case (2 Hour Special);MAIN PLOT;Introduces Haibara Ai, possibly the second most central character to the overall plot after Conan himself. (2 Hour Special)
130;The Indiscriminate Stadium Threatening Case (Part 1) (Remastered);MANGA CANON;Introduces Satō Miwako.
131;The Indiscriminate Stadium Threatening Case (Part 2) (Remastered);MANGA CANON;Introduces Satō Miwako.
132;Magic Lover's Murder Case (The Case);MANGA CANON;Kaitō Kid.
133;Magic Lover's Murder Case (The Suspicion);MANGA CANON;Kaitō Kid.
134;Magic Lover's Murder Case (The Resolution);MANGA CANON;Kaitō Kid.
135;The Disappearing Weapon Search Case;FILLER;FILLER
136;The Old Blue Castle Investigation Case (Part 1) (Remastered);MANGA CANON;Character development.
137;The Old Blue Castle Investigation Case (Part 2) (Remastered);MANGA CANON;Character development.
138;The Final Screening Murder Case (Part 1);FILLER;FILLER
139;The Final Screening Murder Case (Part 2);FILLER;FILLER
140;SOS! Messages from Ayumi;FILLER;FILLER
141;The Night Before the Wedding Locked Room Case (Part 1);MANGA CANON;Heiji case.
142;The Night Before the Wedding Locked Room Case (Part 2);MANGA CANON;Heiji case.
143;The Suspicious Astronomical Observation (Remastered);FILLER;FILLER
144;The North Star No.3 Express Leaving Ueno (Part 1);FILLER;FILLER
145;The North Star No.3 Express Leaving Ueno (Part 2);FILLER;FILLER
146;Metropolitan Police Detective Love Story (Part 1);MANGA CANON;“Metropolitan Police Detective Love Story”—Also introduces Miyamoto Yumi.
147;Metropolitan Police Detective Love Story (Part 2);MANGA CANON;“Metropolitan Police Detective Love Story”—Also introduces Miyamoto Yumi.
148;The Streetcar's Sudden Stopping Case;FILLER;FILLER
149;The Amusement Park Bungee Jumping Case;FILLER;FILLER
150;The Truth Behind the Car Explosion Case (Part 1);FILLER;FILLER
151;The Truth Behind the Car Explosion Case (Part 2);FILLER;FILLER
152;The Mysterious Old Man Disappearance Case;FILLER;FILLER
153;Sonoko's Dangerous Summer Story (Part 1);MANGA CANON;Introduces Kyōgoku Makoto.
154;Sonoko's Dangerous Summer Story (Part 2) (Remastered);MANGA CANON;Introduces Kyōgoku Makoto.
155;Underwater Key in the Locked Room Case;FILLER;FILLER
156;Metropolitan Police Detective Love Story 2 (Part 1);MANGA CANON;“Metropolitan Police Detective Love Story 2”
157;Metropolitan Police Detective Love Story 2 (Part 2);MANGA CANON;“Metropolitan Police Detective Love Story 2”
158;The Silent Loop Line;FILLER;FILLER
159;The Legend of the Mysterious Five Storied Pagoda (Part 1);FILLER;FILLER
160;The Legend of the Mysterious Five Storied Pagoda (Part 2);FILLER;FILLER
161;The Murder Floating in the Water Stream Restaurant;FILLER;FILLER
162;The Locked Room in the Sky: Shinichi Kudo's First Case (1 Hour Special);MANGA CANON;“The Locked Room in the Sky: Kudō Shinichi’s First Case” (1 Hour Special)
163;The Secret of the Moon, the Star, and the Sun (Part 1);FILLER;FILLER
164;The Secret of the Moon, the Star, and the Sun (Part 2);FILLER;FILLER
165;The Disappearing Detective Boys Case;FILLER;FILLER
166;Tottori Spider Mansion Demon (The Case);MANGA CANON;Heiji case.
167;Tottori Spider Mansion Demon (The Suspicion);MANGA CANON;Heiji case.
168;Tottori Spider Mansion Demon (The Resolution);MANGA CANON;Heiji case.
169;Venus' Kiss;FILLER;FILLER
170;The Blind Spot in the Darkness (Part 1);MAIN PLOT;Introduces Araide Tomoaki. He doesn’t really do much for now, but he becomes extremely important later on.
171;The Blind Spot in the Darkness (Part 2);MAIN PLOT;Introduces Araide Tomoaki. He doesn’t really do much for now, but he becomes extremely important later on.
172;The Revival of the Dying Message (Part 1);FILLER;FILLER
173;The Revival of the Dying Message (Part 2);FILLER;FILLER
174;The Twenty Year Old Murderous Intent: The Symphony Serial Murder Case (2 Hour Special);MANGA CANON;Heiji case. (2 Hour Special)
175;The Man Who Was Killed Four Times;FILLER;FILLER
176;Reunion with the Black Organization (Haibara);MAIN PLOT;"""Reunion with the Black Organization"""
177;Reunion with the Black Organization (Conan);MAIN PLOT;"""Reunion with the Black Organization"""
178;Reunion with the Black Organization (The Resolution);MAIN PLOT;"""Reunion with the Black Organization"""
179;The Coffee Shop Truck's Wild Entrance Case;FILLER;FILLER
180;The Nocturne of Red Murderous Intent (Part 1);FILLER;FILLER
181;The Nocturne of Red Murderous Intent (Part 2);FILLER;FILLER
182;The Big Investigation of the Nine Doors (Remastered);FILLER;FILLER
183;A Dangerous Recipe;FILLER;FILLER
184;A Cursed Mask Coldly Laughs (1 Hour Special) (Remastered);FILLER;FILLER
185;The Murdered Famous Detective (Part 1);FILLER;FILLER
186;The Murdered Famous Detective (Part 2);FILLER;FILLER
187;The Unknown Gunshot That Rings in the Dark;FILLER;FILLER
188;The Desperate Revival - The Cavern of the Detective Boys;MAIN PLOT;"""The Desperate Revival"""
189;The Desperate Revival - The Wounded Great Detective;MAIN PLOT;"""The Desperate Revival"""
190;The Desperate Revival - The Third Choice;MAIN PLOT;"""The Desperate Revival"""
191;The Desperate Revival - The Black Knight;MAIN PLOT;"""The Desperate Revival"""
192;The Desperate Revival - Shinichi's Return;MAIN PLOT;"""The Desperate Revival"""
193;The Desperate Revival - The Promised Place;MAIN PLOT;"""The Desperate Revival"""
194;The Significant Music Box (Part 1);FILLER;FILLER
195;The Significant Music Box (Part 2);FILLER;FILLER
196;The Invisible Weapon, Ran's First Investigation;FILLER;FILLER
197;The Super Car's Trap (Part 1);FILLER;FILLER
198;The Super Car's Trap (Part 2);FILLER;FILLER
199;Kogoro Mouri, Suspect (Part 1);MANGA CANON;Character development.
200;Kogoro Mouri, Suspect (Part 2) (Remastered);MANGA CANON;Character development.
201;The Tenth Passenger (Part 1);FILLER;FILLER
202;The Tenth Passenger (Part 2);FILLER;FILLER
203;The Black Wings of Icarus (Part 1);FILLER;FILLER
204;The Black Wings of Icarus (Part 2);FILLER;FILLER
205;Metropolitan Police Detective Love Story 3 (Part 1);MANGA CANON;"""Metropolitan Police Detective Love Story 3"""
206;Metropolitan Police Detective Love Story 3 (Part 2);MANGA CANON;"""Metropolitan Police Detective Love Story 3"""
207;The Deduction That Was Too Good;FILLER;FILLER
208;The Entrance to the Maze: The Anger of the Colossus (1 Hour Special) (Rerun);FILLER;FILLER
209;The Falling from Mt. Ryujin Case;FILLER;FILLER
210;The Water Palace of Five Colors Legend (Part 1);FILLER;FILLER
211;The Water Palace of Five Colors Legend (Part 2);FILLER;FILLER
212;Mushrooms, Bears, and the Detective Boys (Part 1);MANGA CANON;Haibara development.
213;Mushrooms, Bears, and the Detective Boys (Part 2);MANGA CANON;Haibara development.
214;The Mysterious Retro Room Case;FILLER;FILLER
215;The Bay of Revenge (Part 1);FILLER;FILLER
216;The Bay of Revenge (Part 2);FILLER;FILLER
217;Megure's Sealed Secret (Part 1);MANGA CANON;Megure development.
218;Megure's Sealed Secret (Part 2) (Remastered);MANGA CANON;Megure development.
219;The Gathering of the Detectives! Shinichi Kudo vs. Kaitou Kid (2 Hour Special);MAIN PLOT;Kaitō Kid and background information relevant to the main plot. (2 Hour Special)
220;The Client Full of Lies (Part 1) (Remastered);MANGA CANON;Introduces Heiji's mother.
221;The Client Full of Lies (Part 2);MANGA CANON;Introduces Heiji's mother.
222;And Then There Were No Mermaids (The Case);MANGA CANON;Heiji case. Some Conan development.
223;And Then There Were No Mermaids (The Deduction);MANGA CANON;Heiji case. Some Conan development.
224;And Then There Were No Mermaids (The Resolution);MANGA CANON;Heiji case. Some Conan development.
225;The Secret of the High Sales;FILLER;FILLER
226;The Battle Game Trap (Part 1);MAIN PLOT;Introduces Jodie Saintemillion.
227;The Battle Game Trap (Part 2);MAIN PLOT;Introduces Jodie Saintemillion.
228;The Murderous Pottery Class (Part 1);FILLER;FILLER
229;The Murderous Pottery Class (Part 2);FILLER;FILLER
230;The Mysterious Passenger (Part 1);MAIN PLOT;Introduces Akai Shuuichi, gives Jodie-sensei and Araide-sensei development, and some Black Organization information.
231;The Mysterious Passenger (Part 2);MAIN PLOT;Introduces Akai Shuuichi, gives Jodie-sensei and Araide-sensei development, and some Black Organization information.
232;The Falling from the Condo Case;FILLER;FILLER
233;The Evidence That Didn't Disappear (Part 1);FILLER;FILLER
234;The Evidence That Didn't Disappear (Part 2);FILLER;FILLER
235;The Locked Wine Cellar;FILLER;FILLER
236;The Nanki Shirahama Mystery Tour (Part 1);FILLER;FILLER
237;The Nanki Shirahama Mystery Tour (Part 2);FILLER;FILLER
238;"The 3 ""K""s of Osaka Case (Part 1)";MANGA CANON;Heiji case. Conan development.
239;"The 3 ""K""s of Osaka Case (Part 2)";MANGA CANON;Heiji case. Conan development.
240;The Shinkansen Transport Case (Part 1);MANGA CANON;Character development.
241;The Shinkansen Transport Case (Part 2);MANGA CANON;Character development.
242;Boy Genta's Misfortune;MANGA CANON;Some Haibara development and very minor Black Organization info.
243;Kogoro Mouri's Imposter (Part 1);FILLER;FILLER
244;Kogoro Mouri's Imposter (Part 2);FILLER;FILLER
245;The Gunshot at the Sunflower Estate;FILLER;FILLER
246;The Mystery in the Net (Part 1);MANGA CANON;Haibara development.
247;The Mystery in the Net (Part 2);MANGA CANON;Haibara development.
248;The Alibi of the Soothing Forest;FILLER;FILLER
249;The Celebrities' Secret (Part 1);FILLER;FILLER
250;The Celebrities' Secret (Part 2);FILLER;FILLER
251;The Tragedy at the OK Corral;FILLER;FILLER
252;The Kidnapper in the Picture;FILLER;FILLER
253;Metropolitan Police Detective Love Story 4 (Part 1);MANGA CANON;"""Metropolitan Police Detective Love Story 4"""
254;Metropolitan Police Detective Love Story 4 (Part 2);MANGA CANON;"""Metropolitan Police Detective Love Story 4"""
255;The 14th Round of the Matsue Tamatsukuri Linked Verse Contest (Part 1);FILLER;FILLER
256;The 14th Round of the Matsue Tamatsukuri Linked Verse Contest (Part 2);FILLER;FILLER
257;The Mysterious Punishment From Heaven;FILLER;FILLER
258;The Man from Chicago (Part 1) (Remastered);MAIN PLOT;Introduces James Black. Also, some Shuuichi development.
259;The Man from Chicago (Part 2) (Remastered);MAIN PLOT;Introduces James Black. Also, some Shuuichi development.
260;The Shaking Restaurant;FILLER;FILLER
261;The Fearful Legend of the Snowy Night (Part 1);FILLER;FILLER
262;The Fearful Legend of the Snowy Night (Part 2);FILLER;FILLER
263;The Osaka Double Mystery - The Naniwa Swordsman and Toyotomi's Castle (2 Hour Special);MANGA CANON;Heiji case. (2 Hour Special)
264;Courtroom Confrontation: Kisaki vs. Kogoro (Part 1);FILLER;FILLER
265;Courtroom Confrontation: Kisaki vs. Kogoro (Part 2);FILLER;FILLER
266;The Truth Behind Valentine's (The Case);MAIN PLOT;Some Makoto development. Plus more Shuuichi.
267;The Truth Behind Valentine's (The Deduction);MAIN PLOT;Some Makoto development. Plus more Shuuichi.
268;The Truth Behind Valentine's (The Resolution);MAIN PLOT;Some Makoto development. Plus more Shuuichi.
269;The Forgotten Memento from the Crime (Part 1);MAIN PLOT;Some Black Organization info and some Jodie development. Also, more Shuuichi.
270;The Forgotten Memento from the Crime (Part 2);MAIN PLOT;Some Black Organization info and some Jodie development. Also, more Shuuichi.
271;The Secret Rushed Omission (Part 1);MAIN PLOT;Some Black Organization info and some Jodie development. Also, more Shuuichi.
272;The Secret Rushed Omission (Part 2);MAIN PLOT;Some Black Organization info and some Jodie development. Also, more Shuuichi.
273;Riddle Granny Disappearance Case;FILLER;FILLER
274;The Truth of the Haunted House (Part 1);FILLER;FILLER
275;The Truth of the Haunted House (Part 2);FILLER;FILLER
276;The Policeman's Missing Notebook Case;FILLER;FILLER
277;English Teacher vs. Great Western Detective (Part 1);MAIN PLOT;Lots of Heiji and Jodie.
278;English Teacher vs. Great Western Detective (Part 2);MAIN PLOT;Lots of Heiji and Jodie.
279;Hooligan's Labyrinth (Part 1) (Remastered);MAIN PLOT;Haibara development and some Black Organization clues.
280;Hooligan's Labyrinth (Part 2) (Remastered);MAIN PLOT;Haibara development and some Black Organization clues.
281;The Small Eye-Witnesses;FILLER;FILLER
282;The Mystery of the Water-Flowing Stone Garden (Part 1);FILLER;FILLER
283;The Mystery of the Water-Flowing Stone Garden (Part 2);FILLER;FILLER
284;Chinatown Deja Vu in the Rain (Part 1);MAIN PLOT;More Shuuichi.
285;Chinatown Deja Vu in the Rain (Part 2);MAIN PLOT;More Shuuichi.
286;Shinichi Kudo's New York Case (The Case);MAIN PLOT;"""Kudō Shinichi's New York Case"" - Extremely important Shuuichi, among other things."
287;Shinichi Kudo's New York Case (The Deduction);MAIN PLOT;"""Kudō Shinichi's New York Case"" - Extremely important Shuuichi, among other things."
288;Shinichi Kudo's New York Case (The Resolution);MAIN PLOT;"""Kudō Shinichi's New York Case"" - Extremely important Shuuichi, among other things."
289;Mitsuhiko's Mystifying Forest (Part 1);MAIN PLOT;Some Black Organization info.
290;Mitsuhiko's Mystifying Forest (Part 2);MAIN PLOT;Some Black Organization info.
291;Solitary Island of the Princess and the Dragon King's Palace (The Case);MANGA CANON;Heiji case.
292;Solitary Island of the Princess and the Dragon King's Palace (The Pursuit);MANGA CANON;Heiji case.
293;Solitary Island of the Princess and the Dragon King's Palace (The Resolution);MANGA CANON;Heiji case.
294;The Smash of Determination and Love (Part 1);FILLER;FILLER
295;The Smash of Determination and Love (Part 2);FILLER;FILLER
296;Houseboat Fishing Shock;FILLER;FILLER
297;Courtroom Confrontation II: Kisaki vs. Kujo (Part 1);FILLER;FILLER
298;Courtroom Confrontation II: Kisaki vs. Kujo (Part 2);FILLER;FILLER
299;The Kanmon Strait of Friendship and Murderous Intent (Part 1);FILLER;FILLER
300;The Kanmon Strait of Friendship and Murderous Intent (Part 2);FILLER;FILLER
301;Parade of Malice and Saint (Part 1);MANGA CANON;Satō and Takagi development.
302;Parade of Malice and Saint (Part 2);MANGA CANON;Satō and Takagi development.
303;The Victim Who Came Back;FILLER;FILLER
304;The Trembling Police Headquarters: 12 Million Hostages (2 Hour Special);MANGA CANON;Satō and Takagi development. (2 Hour Special)
305;The Unseen Suspect (Part 1);FILLER;FILLER
306;The Unseen Suspect (Part 2);FILLER;FILLER
307;On the Trail of a Silent Witness (Part 1) (Remastered)[2];MAIN PLOT;Buildup to main plot events.
308;On the Trail of a Silent Witness (Part 2);MAIN PLOT;Buildup to main plot events.
309;Contact with the Black Organization (The Negotiation);MAIN PLOT;"""Contact with the Black Organization"""
310;Contact with the Black Organization (The Pursuit);MAIN PLOT;"""Contact with the Black Organization"""
311;Contact with the Black Organization (Desperation);MAIN PLOT;"""Contact with the Black Organization"""
312;Festival Dolls Dyed in the Setting Sun (Part 1);MAIN PLOT;Followup, Haibara development, and Black Organization backstory.
313;Festival Dolls Dyed in the Setting Sun (Part 2);MAIN PLOT;Followup, Haibara development, and Black Organization backstory.
314;The Scenic Lookout with the Broken Fence;FILLER;FILLER
315;Place Exposed to the Sun;FILLER;FILLER
316;The Sullied Masked Hero (Part 1);FILLER;FILLER
317;The Sullied Masked Hero (Part 2);FILLER;FILLER
318;The Lucky Cigar Case (Part 1);FILLER;FILLER
319;The Lucky Cigar Case (Part 2);FILLER;FILLER
320;The Art of Ninja Alibi Craft;FILLER;FILLER
321;The Kidnapper's Disappearing Getaway Car (Part 1);FILLER;FILLER
322;The Kidnapper's Disappearing Getaway Car (Part 2);FILLER;FILLER
323;Heiji Hattori's Desperate Situation! (Part 1);MANGA CANON;Heiji case.
324;Heiji Hattori's Desperate Situation! (Part 2);MANGA CANON;Heiji case.
325;The Red Horse within the Flames (The Case);MANGA CANON;Heiji case.
326;The Red Horse within the Flames (The Investigation);MANGA CANON;Heiji case.
327;The Red Horse within the Flames (The Resolution);MANGA CANON;Heiji case.
328;The Birthday Wine Mystery;FILLER;FILLER
329;A Friendship That Can't Be Bought (Part 1);MANGA CANON;Haibara development.
330;A Friendship That Can't Be Bought (Part 2)(Remastered)[2];MANGA CANON;Haibara development.
331;The Suspicious Spicy Curry (Part 1);FILLER;FILLER
332;The Suspicious Spicy Curry (Part 2);FILLER;FILLER
333;The Similar Princesses (Part 1);MANGA CANON;Character development.
334;The Similar Princesses (Part 2);MANGA CANON;Character development.
335;Secret of the Tohto Film Development Studio (Part 1);MAIN PLOT;Yukiko development and even more Shuuichi.
336;Secret of the Tohto Film Development Studio (Part 2);MAIN PLOT;Yukiko development and even more Shuuichi.
337;Hidden Circumstances of the Falling Incident;FILLER;FILLER
338;The Four Porsches (Part 1);MAIN PLOT;Haibara, Shuuichi, Jodie, and Araide development.
339;The Four Porsches (Part 2);MAIN PLOT;Haibara, Shuuichi, Jodie, and Araide development.
340;Hidden Bathroom Secret (Part 1) (Remastered)[2];MAIN PLOT;Haibara development.
341;Hidden Bathroom Secret (Part 2);MAIN PLOT;Haibara development.
342;The Bride of Huis ten Bosch (1 Hour Special);FILLER;FILLER
343;The Convenience Store Trap (Part 1);MAIN PLOT;Jodie and Ran development.
344;The Convenience Store Trap (Part 2);MAIN PLOT;Jodie and Ran development.
345;Head-to-Head Match with the Black Organization: A Dual Mystery on a Full Moon Night (2.5 Hour Special);MAIN PLOT;"""Head-to-Head Match with the Black Organization: A Dual Mystery on a Full Moon Night"" (2.5 Hour Special)"
346;Find the Buttock's Mark (Part 1);MANGA CANON;Some Haibara followup development.
347;Find the Buttock's Mark (Part 2);MANGA CANON;Some Haibara followup development.
348;Love, Ghosts, and World Heritage (Part 1);FILLER;FILLER
349;Love, Ghosts, and World Heritage (Part 2);FILLER;FILLER
350;The Forgotten Cell Phone (Part 1);FILLER;FILLER
351;The Forgotten Cell Phone (Part 2);FILLER;FILLER
352;The Fishing Tournament Tragedy (Part 1);FILLER;FILLER
353;The Fishing Tournament Tragedy (Part 2);FILLER;FILLER
354;A Small Client (Part 1);FILLER;FILLER
355;A Small Client (Part 2);FILLER;FILLER
356;Kaitou Kid's Miraculous Midair Walk (1 Hour Special) (Remastered)[2];MANGA CANON;Kaitō Kid. (1 Hour Special)
357;Sweetheart is an Illusion of Spring;FILLER;FILLER
358;Metropolitan Police Detective Love Story 5 (Part 1);MANGA CANON;"""Metropolitan Police Detective Love Story 5"""
359;Metropolitan Police Detective Love Story 5 (Part 2);MANGA CANON;"""Metropolitan Police Detective Love Story 5"""
360;A Mysterious Spring Beetle;FILLER;FILLER
361;Teitan High School's Ghost Story (Part 1);MAIN PLOT;Jodie and Araide development.
362;Teitan High School's Ghost Story (Part 2);MAIN PLOT;Jodie and Araide development.
363;The City Crows;FILLER;FILLER
364;The Synchronicity Case (Part 1);FILLER;FILLER
365;The Synchronicity Case (Part 2);FILLER;FILLER
366;The Tragedy of the Pier in Plain Sight (Part 1);FILLER;FILLER
367;The Tragedy of the Pier in Plain Sight (Part 2);FILLER;FILLER
368;The Candy House the Witch Lives In;FILLER;FILLER
369;A Lucky Man's Suspense;FILLER;FILLER
370;Running Away in a Game;FILLER;FILLER
371;A Course Without Protest (Part 1);FILLER;FILLER
372;A Course Without Protest (Part 2);FILLER;FILLER
373;Deadly Poisonous Spider Trap;FILLER;FILLER
374;A Code of Stars and Tobacco (Part 1);FILLER;FILLER
375;A Code of Stars and Tobacco (Part 2);FILLER;FILLER
376;The Time Limit is 15:00!;FILLER;FILLER
377;Momotarou Mystery Solving Tour (Part 1);FILLER;FILLER
378;Momotarou Mystery Solving Tour (Part 2);FILLER;FILLER
379;The Case of the Furisode at the Hidden Hot Spring on a Snowy Night (Part 1);FILLER;FILLER
380;The Case of the Furisode at the Hidden Hot Spring on a Snowy Night (Part 2);FILLER;FILLER
381;Which One's Deduction Show (Part 1);MANGA CANON;Heiji case.
382;Which One's Deduction Show (Part 2);MANGA CANON;Heiji case.
383;Miracle at Koshien Ball Park! The Defiants Face the Dark Demon (2 Hour Special);MANGA CANON;Heiji case. (2 Hour Special)
384;The Target is Kogoro Mouri;FILLER;FILLER
385;The Dissonance of the Stradivarius (Prelude);MAIN PLOT;Black Organization info.
386;The Dissonance of the Stradivarius (Interlude);MAIN PLOT;Black Organization info.
387;The Dissonance of the Stradivarius (Postlude);MAIN PLOT;Black Organization info.
388;Kogoro Gets Drunk in Satsuma (Part 1);FILLER;FILLER
389;Kogoro Gets Drunk in Satsuma (Part 2);FILLER;FILLER
390;Metropolitan Police Detective Love Story 6 (Part 1);MANGA CANON;"""Metropolitan Police Detective Love Story 6"""
391;Metropolitan Police Detective Love Story 6 (Part 2);MANGA CANON;"""Metropolitan Police Detective Love Story 6"""
392;The Mysterious Height Difference of 20cm;FILLER;FILLER
393;A Kidnapping Case... So It Seems;FILLER;FILLER
394;Big Adventure in the Eccentric Mansion (The Seal);MANGA CANON;Kaitō Kid.
395;Big Adventure in the Eccentric Mansion (The Mechanism);MANGA CANON;Kaitō Kid.
396;Big Adventure in the Eccentric Mansion (The Resolution);MANGA CANON;Kaitō Kid.
397;Hot, Bitter, Sweet Soup;FILLER;FILLER
398;The Strange Family's Request (Part 1);MANGA CANON;Some setup and building suspense.
399;The Strange Family's Request (Part 2);MANGA CANON;Some setup and building suspense.
400;Ran's Suspicions;MAIN PLOT;Major character development.
401;A Jewel Thief Caught Red-Handed (Part 1);FILLER;FILLER
402;A Jewel Thief Caught Red-Handed (Part 2);FILLER;FILLER
403;The Mysterious Angel's Mansion (Part 1);FILLER;FILLER
404;The Mysterious Angel's Mansion (Part 2);FILLER;FILLER
405;The Man Who Called for an Ambulance (Remastered)[2];FILLER;FILLER
406;Conan and Heiji's Deduction Magic (The Trick);MANGA CANON;Heiji case.
407;Conan and Heiji's Deduction Magic (The Mansion);MANGA CANON;Heiji case.
408;Conan and Heiji's Deduction Magic (The Resolution);MANGA CANON;Heiji case.
409;The Simultaneous Stage Advance and Kidnapping (Part 1);FILLER;FILLER
410;The Simultaneous Stage Advance and Kidnapping (Part 2);FILLER;FILLER
411;The Shinto Shrine Torii's Surprising Code (Part 1);FILLER;FILLER
412;The Shinto Shrine Torii's Surprising Code (Part 2);FILLER;FILLER
413;The Half Completed Crime Mystery;FILLER;FILLER
414;The Detective Boys' Bluebird Chase;FILLER;FILLER
415;The Evil Spirit Appears on An Unlucky Day (The Case);FILLER;FILLER
416;The Evil Spirit Appears on An Unlucky Day (The Suspicion);FILLER;FILLER
417;The Evil Spirit Appears on An Unlucky Day (The Resolution);FILLER;FILLER
418;Home of Beika's Grenier;FILLER;FILLER
419;Sword of the Eight-Headed Serpent (Part 1);FILLER;FILLER
420;Sword of the Eight-Headed Serpent (Part 2);FILLER;FILLER
421;Gingko-Colored First Love (Part 1);MANGA CANON;Agasa development.
422;Gingko-Colored First Love (Part 2);MANGA CANON;Agasa development.
423;The Detective Boys and the Four Caterpillar Brothers;FILLER;FILLER
424;Photo E-mail from the Clown;FILLER;FILLER
425;Black Impact! The Moment the Black Organization Reaches Out (2.5 Hour Special);MAIN PLOT;"""Black Impact! The Moment the Black Organization Reaches Out"" (2.5 Hour Special)"
426;Love Letter to Ran (Remastered)[2];FILLER;FILLER
427;Super Secret of the Road to School (Part 1);FILLER;FILLER
428;Super Secret of the Road to School (Part 2);FILLER;FILLER
429;Two People Who Can't Return (Part 1);MAIN PLOT;Introduces Hondō Eisuke.
430;Two People Who Can't Return (Part 2);MAIN PLOT;Introduces Hondō Eisuke.
431;Metropolitan Police Detective Love Story 7 (Part 1);MANGA CANON;"""Metropolitan Police Detective Love Story 7"""
432;Metropolitan Police Detective Love Story 7 (Part 2);MANGA CANON;"""Metropolitan Police Detective Love Story 7"""
433;Conan: A Strange Child;FILLER;FILLER
434;The Great Dog Coeur's Triumph;FILLER;FILLER
435;Information Gathered About the Detective Boys (Part 1);FILLER;FILLER
436;Information Gathered About the Detective Boys (Part 2);FILLER;FILLER
437;Aya Ueto and Shinichi - The Promise from 4 Years Ago;FILLER;FILLER
438;The Pursuit of the Fish E-mail;FILLER;FILLER
439;And It'd Be Nice if Everybody Disappeared;FILLER;FILLER
440;The Car Stunt's Utmost Limit;FILLER;FILLER
441;"The Final ""Ahh""";FILLER;FILLER
442;The Man Obstructed by the Steel Frame;FILLER;FILLER
443;Clam Digging With a Sigh (Part 1);FILLER;FILLER
444;Clam Digging With a Sigh (Part 2);FILLER;FILLER
445;Secret of the Russian Blue;FILLER;FILLER
446;The Sealed Western-Style Window (Part 1);FILLER;FILLER
447;The Sealed Western-Style Window (Part 2);FILLER;FILLER
448;The Meguro Sanma Case;FILLER;FILLER
449;Metropolitan Police Detective Love Story - Fake Wedding (1 Hour Special);MANGA CANON;"""Metropolitan Police Detective Love Story — Fake Wedding"" (1 Hour Special)"
450;Trick vs. Magic (Part 1);FILLER;FILLER
451;Trick vs. Magic (Part 2);FILLER;FILLER
452;The Phantom of the Konpira (1 Hour Special);FILLER;FILLER
453;Preview Screening of Fate and Friendship;FILLER;FILLER
454;The Overturned Conclusion (Part 1);FILLER;FILLER
455;The Overturned Conclusion (Part 2);FILLER;FILLER
456;The Mystery I Loved;FILLER;FILLER
457;Sonoko's Red Handkerchief (Part 1);MANGA CANON;Sonoko and Makoto development.
458;Sonoko's Red Handkerchief (Part 2);MANGA CANON;Sonoko and Makoto development.
459;A Mysterious Man - Overly Strict with Regulations;FILLER;FILLER
460;Class 1-B's Great Operation! (Remastered)[2];FILLER;FILLER
461;The Missing Page;FILLER;FILLER
462;The Shadow of the Black Organization (The Young Witness);MAIN PLOT;"""The Shadow of the Black Organization"""
463;The Shadow of the Black Organization (The Strange Illumination);MAIN PLOT;"""The Shadow of the Black Organization"""
464;The Shadow of the Black Organization (The Mystery of the Big Reward);MAIN PLOT;"""The Shadow of the Black Organization"""
465;The Shadow of the Black Organization (Shining Star of Pearl);MAIN PLOT;"""The Shadow of the Black Organization"""
466;The Unsmashable Snowman (Part 1);FILLER;FILLER
467;The Unsmashable Snowman (Part 2);FILLER;FILLER
468;Mysterious Case Near the Pond (Remastered)[2];FILLER;FILLER
469;Kaitou Kid and the Four Masterpieces (Part 1);MANGA CANON;Kaitō Kid.
470;Kaitou Kid and the Four Masterpieces (Part 2) (Remastered)[2];MANGA CANON;Kaitō Kid.
471;The Uncontrollable Rental Car!;FILLER;FILLER
472;Shinichi Kudo's Childhood Adventure (Part 1);MANGA CANON;Kaitō Kid + Shinichi case.
473;Shinichi Kudo's Childhood Adventure (Part 2);MANGA CANON;Kaitō Kid + Shinichi case.
474;The Love of Lawyer Eri Kisaki;FILLER;FILLER
475;Bad Luck Grand Prix;FILLER;FILLER
476;Genta's Certain Kill Shot (Part 1);FILLER;FILLER
477;Genta's Certain Kill Shot (Part 2);FILLER;FILLER
478;Real 30 Minutes;FILLER;FILLER
479;Three Days with Heiji Hattori (2 Hour Special);MANGA CANON;"""Metropolitan Police Detective Love Story 8: The Left Hand's Ring Finger"" (1 Hour Special)"
480;Yellow Alibi;FILLER;FILLER
481;Mountain Witch's Cutlery (Part 1);FILLER;FILLER
482;Mountain Witch's Cutlery (Part 2);FILLER;FILLER
483;The Vanished Policeman;FILLER;FILLER
484;Whereabouts of the Dark Photograph (Part 1);FILLER;FILLER
485;Whereabouts of the Dark Photograph (Part 2);FILLER;FILLER
486;Beckoning Cat from Right to Left;FILLER;FILLER
487;Metropolitan Police Detective Love Story 8: The Left Hand's Ring Finger (1 Hour Special);FILLER;FILLER
488;The Devil of the TV Station (1 Hour Special);FILLER;FILLER
489;Courtroom Confrontation III: Prosecutor as Eyewitness (1 Hour Special);FILLER;FILLER
490;Heiji Hattori vs. Shinichi Kudo: Deduction Battle on the Ski Slope! (1 Hour Special);MANGA CANON;Heiji case. (1 Hour Special)
491;Clash of Red and Black (The Beginning);MAIN PLOT;"""Clash of Red and Black"" - The longest Black Organization arc."
492;Clash of Red and Black (Blood Relative);MAIN PLOT;"""Clash of Red and Black"" - The longest Black Organization arc."
493;Clash of Red and Black (Exclamation);MAIN PLOT;"""Clash of Red and Black"" - The longest Black Organization arc."
494;Clash of Red and Black (Hades);MAIN PLOT;"""Clash of Red and Black"" - The longest Black Organization arc."
495;Clash of Red and Black (Coma);MAIN PLOT;"""Clash of Red and Black"" - The longest Black Organization arc."
496;Clash of Red and Black (Invasion);MAIN PLOT;"""Clash of Red and Black"" - The longest Black Organization arc."
497;Clash of Red and Black (Awakening);MAIN PLOT;"""Clash of Red and Black"" - The longest Black Organization arc."
498;Clash of Red and Black (Disturbance);MAIN PLOT;"""Clash of Red and Black"" - The longest Black Organization arc."
499;Clash of Red and Black (Disguise);MAIN PLOT;"""Clash of Red and Black"" - The longest Black Organization arc."
500;Clash of Red and Black (Testament);MAIN PLOT;"""Clash of Red and Black"" - The longest Black Organization arc."
501;Clash of Red and Black (Suspicion);MAIN PLOT;"""Clash of Red and Black"" - The longest Black Organization arc."
502;Clash of Red and Black (Innocence);MAIN PLOT;"""Clash of Red and Black"" - The longest Black Organization arc."
503;Clash of Red and Black (Ready to Die);MAIN PLOT;"""Clash of Red and Black"" - The longest Black Organization arc."
504;Clash of Red and Black (Killed in the Line of Duty);MAIN PLOT;"""Clash of Red and Black"" - The longest Black Organization arc."
505;Lawyer Eri Kisaki's Testimony (Part 1);FILLER;FILLER
506;Lawyer Eri Kisaki's Testimony (Part 2);FILLER;FILLER
507;The Blind Spot in the Karaoke Box (Part 1);MAIN PLOT;Eisuke development.
508;The Blind Spot in the Karaoke Box (Part 2);MAIN PLOT;Eisuke development.
509;Red, White, Yellow, and the Detective Boys;MAIN PLOT;Introduces Okiya Subaru and some Black Organization info.
510;Conan vs. Double Code Mystery;MAIN PLOT;Introduces Okiya Subaru and some Black Organization info.
511;Deduction Showdown! Shinichi vs. Subaru Okiya;MAIN PLOT;Introduces Okiya Subaru and some Black Organization info.
512;The Broken Horoscope;FILLER;FILLER
513;Coffee Aroma with Murderous Intention (Part 1);FILLER;FILLER
514;Coffee Aroma with Murderous Intention (Part 2);FILLER;FILLER
515;Kaitou Kid's Teleportation Magic (1 Hour Special);MANGA CANON;Kaitō Kid. (1 Hour Special)
516;Furinkazan - The Mysterious Armored Warrior (1 Hour Special);MANGA CANON;Heiji case. Introduces Yamato Kansuke and Uehara Yui. (1 Hour Special)
517;Furinkazan - Shadow and Lightning Conclusion;MANGA CANON;Heiji case. Introduces Yamato Kansuke and Uehara Yui.
518;Meiji Restoration Mystery Tour: Investigation Chapter;FILLER;FILLER
519;Meiji Restoration Mystery Tour: Decipher Chapter;FILLER;FILLER
520;Red Wine Indictment;FILLER;FILLER
521;Murderer, Shinichi Kudo (1 Hour Special);MAIN PLOT;Shinichi case. Major development for the main characters, and Heiji is part of it this time. (1 Hour Special)
522;Shinichi's True Face and Ran's Tears (1 Hour Special);MAIN PLOT;Shinichi case. Major development for the main characters, and Heiji is part of it this time. (1 Hour Special)
523;What She Truly Wants to Ask;MAIN PLOT;Shinichi case. Major development for the main characters, and Heiji is part of it this time.
524;The Blue Spark of Hate (Part 1);MAIN PLOT;Shinichi case. Major development for the main characters, and Heiji is part of it this time.
525;The Blue Spark of Hate (Part 2);MAIN PLOT;Shinichi case. Major development for the main characters, and Heiji is part of it this time.
526;A Present from the True Culprit;FILLER;FILLER
527;The Malice Hidden Behind the Masque;FILLER;FILLER
528;Might Over Mystery (Part 1);FILLER;FILLER
529;Might Over Mystery (Part 2);FILLER;FILLER
530;The Truth Behind the Urban Legend (Part 1);FILLER;FILLER
531;The Truth Behind the Urban Legend (Part 2);FILLER;FILLER
532;The Scar of First Love;MANGA CANON;Development for Superintendent Matsumoto, Takagi, and Satō.
533;The Scar that Evokes the Past;MANGA CANON;Development for Superintendent Matsumoto, Takagi, and Satō.
534;The New Scar and the Whistling Man;MANGA CANON;Development for Superintendent Matsumoto, Takagi, and Satō.
535;An Old Scar and the Detective's Spirit;MANGA CANON;Development for Superintendent Matsumoto, Takagi, and Satō.
536;The Secret of the Vanished Masterpiece;FILLER;FILLER
537;Kaitou Kid vs. the Strongest Safe (Part 1);MANGA CANON;Kaitō Kid.
538;Kaitou Kid vs. the Strongest Safe (Part 2);MANGA CANON;Kaitō Kid.
539;A Fool's Inheritance;FILLER;FILLER
540;The Day Kogoro Mouri Ceased Being a Detective (Part 1);FILLER;FILLER
541;The Day Kogoro Mouri Ceased Being a Detective (Part 2);FILLER;FILLER
542;Ikkaku Rock's Disappearing Fish (Part 1);MAIN PLOT;Subaru development.
543;Ikkaku Rock's Disappearing Fish (Part 2);MAIN PLOT;Subaru development.
544;The Hand That Plays in Dissonance;FILLER;FILLER
545;The Witch Enshrouded by Fog (Part 1);FILLER;FILLER
546;The Witch Enshrouded by Fog (Part 2);FILLER;FILLER
547;Two Days with the Culprit (First Day);FILLER;FILLER
548;Two Days with the Culprit (Second Day);FILLER;FILLER
549;The Revolving Sushi Mystery (Part 1);FILLER;FILLER
550;The Revolving Sushi Mystery (Part 2);FILLER;FILLER
551;The Culprit is Genta's Dad (Part 1);FILLER;FILLER
552;The Culprit is Genta's Dad (Part 2);FILLER;FILLER
553;The Interrogation Room;FILLER;FILLER
554;Stork Mystery Tour (Ran's Search Chapter);FILLER;FILLER
555;Stork Mystery Tour (Haruna's Pursuit Chapter);FILLER;FILLER
556;Intersection of Fear;FILLER;FILLER
557;A Dangerous Party of Two;MANGA CANON;Character development for some of the main characters, introduces Morofushi Takaaki, and some Inspector Yamato and Uehara development.
558;The Mansion of Death and the Red Wall (Three Visits);MANGA CANON;Character development for some of the main characters, introduces Morofushi Takaaki, and some Inspector Yamato and Uehara development.
559;The Mansion of Death and the Red Wall (Item in Hand);MANGA CANON;Character development for some of the main characters, introduces Morofushi Takaaki, and some Inspector Yamato and Uehara development.
560;The Mansion of Death and the Red Wall (The Late Komei);MANGA CANON;Character development for some of the main characters, introduces Morofushi Takaaki, and some Inspector Yamato and Uehara development.
561;The Mansion of Death and the Red Wall (Empty Fort Strategy);MANGA CANON;Character development for some of the main characters, introduces Morofushi Takaaki, and some Inspector Yamato and Uehara development.
562;Rainbow Color Kidnapping;FILLER;FILLER
563;Detective Boys vs. Robber Group (Turmoil);MAIN PLOT;Big FBI and Black Organization goings on.
564;Detective Boys vs. Robber Group (Silence);MAIN PLOT;Big FBI and Black Organization goings on.
565;The Eyewitness Who Did Not See;FILLER;FILLER
566;The Partner is Santa-san;FILLER;FILLER
567;Murderous Intent Raining on an Outdoor Spa;FILLER;FILLER
568;Inspector Shiratori, Memories of the Cherry Blossom (Part 1);MANGA CANON;Inspector Shiratori and Kobayashi-sensei development.
569;Inspector Shiratori, Memories of the Cherry Blossom (Part 2);MANGA CANON;Inspector Shiratori and Kobayashi-sensei development.
570;The Crime with Zero Possibility to be Proven;FILLER;FILLER
571;Battle of the Haunted Warehouse's Treasure (Part 1);FILLER;FILLER
572;Battle of the Haunted Warehouse's Treasure (Part 2);FILLER;FILLER
573;The Whereabouts of the Embarrassing Charm (Part 1);MANGA CANON;Heiji case.
574;The Whereabouts of the Embarrassing Charm (Part 2);MANGA CANON;Heiji case.
575;The Alibi of the Black Dress (Part 1);FILLER;FILLER
576;The Alibi of the Black Dress (Part 2);FILLER;FILLER
577;The Truth Lit Up By the Fireflies;FILLER;FILLER
578;The Crisis Beckoned by the Red Omen;MAIN PLOT;Subaru and Jodie development, and some Black Organization activity.
579;The Suggestion of Black Thirteen;MAIN PLOT;Subaru and Jodie development, and some Black Organization activity.
580;The Black Time Limit Drawing Near;MAIN PLOT;Subaru and Jodie development, and some Black Organization activity.
581;The Red Shaking Target;MAIN PLOT;Subaru and Jodie development, and some Black Organization activity.
582;The Night the Zombie Died;FILLER;FILLER
583;Kobayashi-sensei's Love;MANGA CANON;Inspector Shiratori and Kobayashi-sensei development.
584;Inspector Shiratori's Lost Love;MANGA CANON;Inspector Shiratori and Kobayashi-sensei development.
585;Timeless Sakura's Love;MANGA CANON;Inspector Shiratori and Kobayashi-sensei development.
586;The Kirin's Horn That Vanished into the Dark;MANGA CANON;Kaitō Kid.
587;Kid vs. the Four Divine Detective Boys;MANGA CANON;Kaitō Kid.
588;The Trap of the Rooftop Farm;FILLER;FILLER
589;The Worst Birthday (Part 1);FILLER;FILLER
590;The Worst Birthday (Part 2);FILLER;FILLER
591;The House with the Aquarium;FILLER;FILLER
592;The Detective Memoir of Monkey and Rake (Part 1);MANGA CANON;Ran development.
593;The Detective Memoir of Monkey and Rake (Part 2);MANGA CANON;Ran development.
594;The Seven Wonders of the Hiroshima Miyajima Tour (Miyajima Part);FILLER;FILLER
595;The Seven Wonders of the Hiroshima Miyajima Tour (Hiroshima Part);FILLER;FILLER
596;The Alibi of the Fall;FILLER;FILLER
597;The Scenario of the Steaming Locked Room (Part 1);FILLER;FILLER
598;The Scenario of the Steaming Locked Room (Part 2);FILLER;FILLER
599;A Friend of Justice;FILLER;FILLER
600;The Dream the Kappa Saw (Part 1);FILLER;FILLER
601;The Dream the Kappa Saw (Part 2);FILLER;FILLER
602;The Devil Hidden in the Tennis Court;FILLER;FILLER
603;The Séance's Double Locked Room Mystery Case (First Locked Room);FILLER;FILLER
604;The Séance's Double Locked Room Mystery Case (Second Locked Room);FILLER;FILLER
605;The Séance's Double Locked Room Mystery Case (Opened Locked Room);FILLER;FILLER
606;Courtroom Confrontation IV: Juror Sumiko Kobayashi (Part 1);FILLER;FILLER
607;Courtroom Confrontation IV: Juror Sumiko Kobayashi (Part 2);FILLER;FILLER
608;White Day of Betrayal (Part 1);FILLER;FILLER
609;White Day of Betrayal (Part 2);FILLER;FILLER
610;The Victim is Shinichi Kudo;MANGA CANON;Heiji case.
611;Inubushi Castle, The Ablazed Demon Dog (Will-o'-The-Wisp Chapter);MANGA CANON;Heiji case.
612;Inubushi Castle, The Ablazed Demon Dog (Footsteps Chapter);MANGA CANON;Heiji case.
613;Inubushi Castle, The Ablazed Demon Dog (Chapter of Princess);MANGA CANON;Heiji case.
614;The Secret Played by the Diary (Part 1);FILLER;FILLER
615;The Secret Played by the Diary (Part 2);FILLER;FILLER
616;Holmes' Revelation (Holmes' Apprentice);MAIN PLOT;"""Holmes' Revelation"" - Major development for the main characters."
617;Holmes' Revelation (Love is 0);MAIN PLOT;"""Holmes' Revelation"" - Major development for the main characters."
618;Holmes' Revelation (Satan);MAIN PLOT;"""Holmes' Revelation"" - Major development for the main characters."
619;Holmes' Revelation (Code Break);MAIN PLOT;"""Holmes' Revelation"" - Major development for the main characters."
620;Holmes' Revelation (Grass Court Queen);MAIN PLOT;"""Holmes' Revelation"" - Major development for the main characters."
621;Holmes' Revelation (0 is Start);MAIN PLOT;"""Holmes' Revelation"" - Major development for the main characters."
622;Emergency Situation 252 (Part 1);MAIN PLOT;Haibara and Subaru development.
623;Emergency Situation 252 (Part 2);MAIN PLOT;Haibara and Subaru development.
624;A Video Letter of First Love;MANGA CANON;Introduces Miike Naeko.
625;The Screaming Operation Room (Part 1);FILLER;FILLER
626;The Screaming Operation Room (Part 2);FILLER;FILLER
627;Conan & Kid's Battle For Ryoma's Treasure (Part 1);MANGA CANON;Kaitō Kid.
628;Conan & Kid's Battle For Ryoma's Treasure (Part 2);MANGA CANON;Kaitō Kid.
629;The Promo Video Shooting Case (Part 1);FILLER;FILLER
630;The Promo Video Shooting Case (Part 2);FILLER;FILLER
631;What the Flower Clock Knew (Remastered)[2];FILLER;FILLER
632;The Guardian of Time's Sword (Part 1);FILLER;FILLER
633;The Guardian of Time's Sword (Part 2);FILLER;FILLER
634;The Super Narrow Shop Crime Scene;FILLER;FILLER
635;Beware of Dieting;FILLER;FILLER
636;The Most Useful School in the World Case (Part 1);FILLER;FILLER
637;The Most Useful School in the World Case (Part 2);FILLER;FILLER
638;Solving Mysteries at the Red Leaf Palace (Part 1);FILLER;FILLER
639;Solving Mysteries at the Red Leaf Palace (Part 2);FILLER;FILLER
640;The Memory Trip of the Eight Sketches (Okayama Part);FILLER;FILLER
641;The Memory Trip of the Eight Sketches (Kurashiki Part);FILLER;FILLER
642;Grabbing Karuta Cards in Dire Straits (Part 1);FILLER;FILLER
643;Grabbing Karuta Cards in Dire Straits (Part 2);FILLER;FILLER
644;Ramen So Good, It's to Die For (Part 1);FILLER;FILLER
645;Ramen So Good, It's to Die For (Part 2);FILLER;FILLER
646;Deduction Showdown at the Haunted Hotel (Part 1);MAIN PLOT;Introduces Sera Masumi.
647;Deduction Showdown at the Haunted Hotel (Part 2);MAIN PLOT;Introduces Sera Masumi.
648;The Case of the Besieged Detective Agency (Outbreak);MAIN PLOT;Sera development.
649;The Case of the Besieged Detective Agency (Sniping);MAIN PLOT;Sera development.
650;The Case of the Besieged Detective Agency (Release);MAIN PLOT;Sera development.
651;Conan vs. Heiji, Deduction Battle Between the Detectives of the East and West (1 Hour Special);MAIN PLOT;Heiji case. Also some Sera development. (1 Hour Special)
652;The Design of Poison and Mirage (EYE);MANGA CANON;Heiji case. Introduces Yonehara Sakurako.
653;The Design of Poison and Mirage (S);MANGA CANON;Heiji case. Introduces Yonehara Sakurako.
654;The Design of Poison and Mirage (Poison);MANGA CANON;Heiji case. Introduces Yonehara Sakurako.
655;The Design of Poison and Mirage (Illusion);MANGA CANON;Heiji case. Introduces Yonehara Sakurako.
656;The Professor's Video Site (Part 1);MAIN PLOT;Sera and Subaru development.
657;The Professor's Video Site (Part 2);MAIN PLOT;Sera and Subaru development.
658;The Hot Chocolate Trap;FILLER;FILLER
659;Co-Investigating with a First Love (Part 1);MANGA CANON;Detective Chiba and Miike development.
660;Co-Investigating with a First Love (Part 2);MANGA CANON;Detective Chiba and Miike development.
661;Kogoro-san is a Good Man (Part 1);FILLER;FILLER
662;Kogoro-san is a Good Man (Part 2);FILLER;FILLER
663;Chase the Miyama Stag Beetle;FILLER;FILLER
664;The Great Dog Coeur's Triumph 2;FILLER;FILLER
665;The Suspicious Initial K;FILLER;FILLER
666;The Rainy Night Menace;FILLER;FILLER
667;Wedding Eve (Part 1);MAIN PLOT;Introduces Amuro Tōru.
668;Wedding Eve (Part 2);MAIN PLOT;Introduces Amuro Tōru.
669;The Dark Tower's Hidden Treasure (Part 1);FILLER;FILLER
670;The Dark Tower's Hidden Treasure (Part 2);FILLER;FILLER
671;Detectives' Nocturne (The Case);MAIN PLOT;"""Detectives' Nocturne""—Major development for Subaru, Sera, and Amuro, and some Black Organization."
672;Detectives' Nocturne (Kidnapping);MAIN PLOT;"""Detectives' Nocturne""—Major development for Subaru, Sera, and Amuro, and some Black Organization."
673;Detectives' Nocturne (Deduction);MAIN PLOT;"""Detectives' Nocturne""—Major development for Subaru, Sera, and Amuro, and some Black Organization."
674;Detectives' Nocturne (Bourbon);MAIN PLOT;"""Detectives' Nocturne""—Major development for Subaru, Sera, and Amuro, and some Black Organization."
675;Won't Forgive Even One Millimeter (Part 1) (Remastered)[2];MAIN PLOT;Some mild Sera development and Black Organization buildup.
676;Won't Forgive Even One Millimeter (Part 2);MAIN PLOT;Some mild Sera development and Black Organization buildup.
677;The Footprintless Beach;FILLER;FILLER
678;Nagasaki Mystery Theatre (End of the Edo);FILLER;FILLER
679;Nagasaki Mystery Theatre (Modern Time);FILLER;FILLER
680;Cactus Capriccio;FILLER;FILLER
681;The Life-Threatening Broadcast of Love (Begin Broadcasting);MAIN PLOT;"""The Life-Threatening Broadcast of Love"" - Major development for Satō and Takagi and lesser development for Sera and Amuro."
682;The Life-Threatening Broadcast of Love (Desperate Situation);MAIN PLOT;"""The Life-Threatening Broadcast of Love"" - Major development for Satō and Takagi and lesser development for Sera and Amuro."
683;The Life-Threatening Broadcast of Love (Enter the Scene);MAIN PLOT;"""The Life-Threatening Broadcast of Love"" - Major development for Satō and Takagi and lesser development for Sera and Amuro."
684;Froth, Steam, and Smoke (Part 1);MAIN PLOT;Haibara and Subaru development.
685;Froth, Steam, and Smoke (Part 2);MAIN PLOT;Haibara and Subaru development.
686;A Car Carrying a Time Bomb;FILLER;FILLER
687;The Unsolvable Ice Trap;FILLER;FILLER
688;Detective Takagi Finds 30 Million Yen;FILLER;FILLER
689;The Client's Message;FILLER;FILLER
690;Yusaku Kudo's Cold Case (Part 1);MAIN PLOT;Subaru, Sera, and Conan’s dad development.
691;Yusaku Kudo's Cold Case (Part 2);MAIN PLOT;Subaru, Sera, and Conan’s dad development.
692;The Evening Cherry Blossom Viewing Route on Sumida River (Part 1);FILLER;FILLER
693;The Evening Cherry Blossom Viewing Route on Sumida River (Part 2);FILLER;FILLER
694;The Missing Sweets in the Old Shop;FILLER;FILLER
695;The Roses in the Vineyard;FILLER;FILLER
696;The Flowerbed Vandal's Scheme (Remastered)[2];FILLER;FILLER
697;The Window at the Girls' School;FILLER;FILLER
698;Unbelievable! The Case of the Crashed UFO;FILLER;FILLER
699;The Shadow Approaching Haibara's Secret (Part 1);MAIN PLOT;Haibara and Sera development with a bit of important Subaru and Amuro. Build up for the following big event.
700;The Shadow Approaching Haibara's Secret (Part 2);MAIN PLOT;Haibara and Sera development with a bit of important Subaru and Amuro. Build up for the following big event.
701;The Jet-Black Mystery Train (Departure);MAIN PLOT;"""The Pitch Black Mystery Train"" - Big Black Organization event AND Kaitō Kid at the same time. Important development for Haibara, Conan’s mom, Shūichi, Subaru, Sera, and Amuro."
702;The Jet-Black Mystery Train (Tunnel);MAIN PLOT;"""The Pitch Black Mystery Train"" - Big Black Organization event AND Kaitō Kid at the same time. Important development for Haibara, Conan’s mom, Shūichi, Subaru, Sera, and Amuro."
703;The Jet-Black Mystery Train (Intersection);MAIN PLOT;"""The Pitch Black Mystery Train"" - Big Black Organization event AND Kaitō Kid at the same time. Important development for Haibara, Conan’s mom, Shūichi, Subaru, Sera, and Amuro."
704;The Jet-Black Mystery Train (Destination);MAIN PLOT;"""The Pitch Black Mystery Train"" - Big Black Organization event AND Kaitō Kid at the same time. Important development for Haibara, Conan’s mom, Shūichi, Subaru, Sera, and Amuro."
705;Conan in a Locked Room;MAIN PLOT;Some followup with some plan details and Amuro.
706;Bourbon Figures It Out;MAIN PLOT;Some followup with some plan details and Amuro.
707;The Framed Great Detective;FILLER;FILLER
708;The Man Who Fell Slowly;FILLER;FILLER
709;An Unconfirmed Shocking Case;FILLER;FILLER
710;Everyone Saw (Part 1);MANGA CANON;Heiji case.
711;Everyone Saw (Part 2);MANGA CANON;Heiji case.
712;Heiji Hattori and the Vampire Mansion (1);MANGA CANON;Heiji case.
713;Heiji Hattori and the Vampire Mansion (2);MANGA CANON;Heiji case.
714;Heiji Hattori and the Vampire Mansion (3);MANGA CANON;Heiji case.
715;Heiji Hattori and the Vampire Mansion (4);MANGA CANON;Heiji case.
716;Dancing Demon at the Noh Mask Mansion (Part 1);FILLER;FILLER
717;Dancing Demon at the Noh Mask Mansion (Part 2);FILLER;FILLER
718;The Devil's Circuit;FILLER;FILLER
719;A Dispute Over a Platinum Ticket;FILLER;FILLER
720;Fire and Water Mystery Tour (Aso Part);FILLER;FILLER
721;Fire and Water Mystery Tour (Kumamoto Part);FILLER;FILLER
722;Sweet and Cold Delivery Service (Part 1);MAIN PLOT;A bit of Amuro and Subaru development.
723;Sweet and Cold Delivery Service (Part 2);MAIN PLOT;A bit of Amuro and Subaru development.
724;Kaitou Kid and the Blush Mermaid (Part 1);MANGA CANON;Kaitō Kid.
725;Kaitou Kid and the Blush Mermaid (Part 2);MANGA CANON;Kaitō Kid.
726;A Happy E-mail Brings Sadness;FILLER;FILLER
727;The Treasure Chest Filled with Fruits (Part 1);MAIN PLOT;Slight Sera development.
728;The Treasure Chest Filled with Fruits (Part 2);MAIN PLOT;Slight Sera development.
729;The Diamond, the Painting, and the Great Actress;FILLER;FILLER
730;The Figure That Was Too Good;FILLER;FILLER
731;The Ex-Boyfriend Living Next to a Crime Scene (Part 1);MAIN PLOT;Introduces Haneda Shūkichi, a bit of development for Yumi, and a tiny bit of Chiba and Miike.
732;The Ex-Boyfriend Living Next to a Crime Scene (Part 2);MAIN PLOT;Introduces Haneda Shūkichi, a bit of development for Yumi, and a tiny bit of Chiba and Miike.
733;The Wedding Reception and the Two Gunshots;FILLER;FILLER
734;Jodie's Memories and the Cherry Blossom Viewing Trap (1 Hour Special);MAIN PLOT;Some Black Organization with a bit of Jodie development. (1 Hour Special)
735;The Coded Invitation;FILLER;FILLER
736;The Secret of the Statue of Kogoro Mouri;FILLER;FILLER
737;The Suspicious Walking Path;FILLER;FILLER
738;Kogoro in the Bar (Part 1);FILLER;FILLER
739;Kogoro in the Bar (Part 2) (Remastered)[2];FILLER;FILLER
740;Bathroom Where Ran Collapsed As Well (Part 1) (Remastered)[2];MANGA CANON;Minor Sera development. Also starts with a recap of the only tiny part of 738-739 that has any relevance to the plot, so watching this case makes that one easily skippable.
741;Bathroom Where Ran Collapsed As Well (Part 2);MANGA CANON;Minor Sera development. Also starts with a recap of the only tiny part of 738-739 that has any relevance to the plot, so watching this case makes that one easily skippable.
742;Promise with a J-Leaguer;FILLER;FILLER
743;Two Coincidental Successes;FILLER;FILLER
744;The Suspect is Makoto Kyogoku (Part 1);MAIN PLOT;Some Makoto and significant Sera development.
745;The Suspect is Makoto Kyogoku (Part 2);MAIN PLOT;Some Makoto and significant Sera development.
746;Kaitou Kid VS Makoto Kyogoku (Part 1);MANGA CANON;"""Kaitō Kid VS Kyōgoku Makoto"""
747;Kaitou Kid VS Makoto Kyogoku (Part 2);MANGA CANON;"""Kaitō Kid VS Kyōgoku Makoto"""
748;Metropolitan Police Detective Love Story (Confession);MANGA CANON;"""Metropolitan Police Detective Love Story (9)"""
749;Metropolitan Police Detective Love Story (Truth);MANGA CANON;"""Metropolitan Police Detective Love Story (9)"""
750;The Man Who Was Betrayed by the Sea;FILLER;FILLER
751;The Case of the Lucky Calico (Part 1);FILLER;FILLER
752;The Case of the Lucky Calico (Part 2) (Remastered)[2];FILLER;FILLER
753;The Blind Spot in the Share House;FILLER;FILLER
754;The Tragedy of the Red Woman (Steam);MAIN PLOT;Sera development and introduces Sera's sister from outside the territory.
755;The Tragedy of the Red Woman (Evil Spirit);MAIN PLOT;Sera development and introduces Sera's sister from outside the territory.
756;The Tragedy of the Red Woman (Revenge);MAIN PLOT;Sera development and introduces Sera's sister from outside the territory.
757;The Comedian Who Turned Himself In (Part 1);FILLER;FILLER
758;The Comedian Who Turned Himself In (Part 2);FILLER;FILLER
759;The Romance Novel with the Unexpected Conclusion (Part 1);MAIN PLOT;Sera and Sera's outside sister development.
760;The Romance Novel with the Unexpected Conclusion (Part 2);MAIN PLOT;Sera and Sera's outside sister development.
761;Kaga Hyakumangoku Mystery Tour (Kanazawa Part);FILLER;FILLER
762;Kaga Hyakumangoku Mystery Tour (Kaga Part);FILLER;FILLER
763;Conan and Heiji, Code of Love (Part 1);MANGA CANON;Heiji case.
764;Conan and Heiji, Code of Love (Part 2);MANGA CANON;Heiji case.
765;Teimuzu River Kite Flying Case (Part 1);FILLER;FILLER
766;Teimuzu River Kite Flying Case (Part 2);FILLER;FILLER
767;The Lover Gone Missing in a Snowstorm;FILLER;FILLER
768;Ai Haibara Imprisonment Case;FILLER;FILLER
769;The Troublesome Emergency Patient;FILLER;FILLER
770;The Tense Tea Party (Part 1);MAIN PLOT;Amuro development.
771;The Tense Tea Party (Part 2);MAIN PLOT;Amuro development.
772;Shinichi Kudo's Aquarium Case (Part 1);MANGA CANON;Shinichi case.
773;Shinichi Kudo's Aquarium Case (Part 2);MANGA CANON;Shinichi case.
774;Munch's Missing Scream;FILLER;FILLER
775;The Manipulated Great Detective (Part 1);FILLER;FILLER
776;The Manipulated Great Detective (Part 2);FILLER;FILLER
777;Detective Boys vs. Elderly Detective League;FILLER;FILLER
778;Mirage of the Disappearing Angel;FILLER;FILLER
779;The Scarlet Prologue;MAIN PLOT;"The ""Scarlet"" series. A Black Organization-related series with big development for Amuro, Subaru, and basically all of the FBI characters of any significance."
780;The Scarlet Pursuit;MAIN PLOT;"The ""Scarlet"" series. A Black Organization-related series with big development for Amuro, Subaru, and basically all of the FBI characters of any significance."
781;The Scarlet Intersection;MAIN PLOT;"The ""Scarlet"" series. A Black Organization-related series with big development for Amuro, Subaru, and basically all of the FBI characters of any significance."
782;The Scarlet Return;MAIN PLOT;"The ""Scarlet"" series. A Black Organization-related series with big development for Amuro, Subaru, and basically all of the FBI characters of any significance."
783;The Scarlet Truth;MAIN PLOT;"The ""Scarlet"" series. A Black Organization-related series with big development for Amuro, Subaru, and basically all of the FBI characters of any significance."
784;Welcome to Club Orihime;FILLER;FILLER
785;Taiko Meijin's Match of Love (Part 1) (Remastered)[2];MAIN PLOT;Haneda Shukichi and Yumi development, plus a bit of Subaru and Sera's outside sister.
786;Taiko Meijin's Match of Love (Part 2);MAIN PLOT;Haneda Shukichi and Yumi development, plus a bit of Subaru and Amuro.
787;The Mystery Sinking in the Midsummer Pool (Part 1);MAIN PLOT;Some Sera and Sera's outside sister development.
788;The Mystery Sinking in the Midsummer Pool (Part 2);MAIN PLOT;Some Sera and Sera's outside sister development.
789;The Queen's Weather Forecast;FILLER;FILLER
790;Bekapon's Bleeding Service;FILLER;FILLER
791;Detective Takagi On the Run in Handcuffs;FILLER;FILLER
792;Three First Discoverers (Part 1);MAIN PLOT;Some Black Organization info.
793;Three First Discoverers (Part 2);MAIN PLOT;Some Black Organization info.
794;Bodyguard Kogoro Mouri;FILLER;FILLER
795;The Secret of the Missing Young Lady;FILLER;FILLER
796;The Lovebirds' Ruse;FILLER;FILLER
797;The Dreaming Girl's Confused Deduction;FILLER;FILLER
798;The Moving Target;FILLER;FILLER
799;Detective Boys' Locked Room Mystery Battle;FILLER;FILLER
800;After That Hundred Million Yen;FILLER;FILLER
801;Tottori Sand Dunes Mystery Tour (Kurayoshi Part);FILLER;FILLER
802;Tottori Sand Dunes Mystery Tour (Tottori Part);FILLER;FILLER
803;The Pitfall of Fire Precautions;FILLER;FILLER
804;Conan and Ebizo's Kabuki Jūhachiban Mystery (Part 1) (1 Hour Special);FILLER;FILLER
805;Conan and Ebizo's Kabuki Jūhachiban Mystery (Part 2) (1 Hour Special);FILLER;FILLER
806;The Ventriloquist's Illusion (Part 1);FILLER;FILLER
807;The Ventriloquist's Illusion (Part 2);FILLER;FILLER
808;The Kamaitachi Inn (Part 1);MANGA CANON;Heiji case.
809;The Kamaitachi Inn (Part 2);MANGA CANON;Heiji case.
810;The Darkness of the Prefectural Police (Part 1);MAIN PLOT;Introduces Kuroda Hyoe, plus some development for Yamato, Uehara, and Morofushi.
811;The Darkness of the Prefectural Police (Part 2);MAIN PLOT;Introduces Kuroda Hyoe, plus some development for Yamato, Uehara, and Morofushi.
812;The Darkness of the Prefectural Police (Part 3);MAIN PLOT;Introduces Kuroda Hyoe, plus some development for Yamato, Uehara, and Morofushi.
813;The Shadow Approaching Amuro;FILLER;FILLER
814;The Actress Blogger's Locked Room Case (Part 1);MANGA CANON;Kuroda development.
815;The Actress Blogger's Locked Room Case (Part 2);MANGA CANON;Kuroda development.
816;The Disappointing and Kind Alien;FILLER;FILLER
817;The Missing Fiancée;FILLER;FILLER
818;Kogoro's Pursuit of Rage (Part 1);FILLER;FILLER
819;Kogoro's Pursuit of Rage (Part 2);FILLER;FILLER
820;The Seven People in the Waiting Room;FILLER;FILLER
821;The Hidden Secret of Dongaraji Temple;FILLER;FILLER
822;The Suspects Are a Passionate Couple (Part 1);MANGA CANON;Some Kuroda followup.
823;The Suspects Are a Passionate Couple (Part 2);MANGA CANON;Some Kuroda followup.
824;The Detective Boys Get Out of the Rain;FILLER;FILLER
825;The Tidal Park Comeback Case;FILLER;FILLER
826;The Beauty, The Lies, and The Secrets;FILLER;FILLER
827;Ramen So Good, It's to Die For 2 (Part 1);MAIN PLOT;Sera, Shukichi, and Sera's outside sister development.
828;Ramen So Good, It's to Die For 2 (Part 2);MAIN PLOT;Sera, Shukichi, and Sera's outside sister development.
829;The Mysterious Boy;FILLER;FILLER
830;A Cottage Surrounded by Zombies (Part 1);MANGA CANON;Heiji case.
831;A Cottage Surrounded by Zombies (Part 2);MANGA CANON;Heiji case.
832;A Cottage Surrounded by Zombies (Part 3);MANGA CANON;Heiji case.
833;The Great Detective's Weakness;FILLER;FILLER
834;The Man Who Died Twice (Part 1);FILLER;FILLER
835;The Man Who Died Twice (Part 2);FILLER;FILLER
836;The Unfriendly Girls Band (Part 1) (Remastered)[2];MAIN PLOT;Amuro, Sera, and Shuuichi development.
837;The Unfriendly Girls Band (Part 2) (Remastered)[2];MAIN PLOT;Amuro, Sera, and Shuuichi development.
838;Mysterious Case in a Hot Air Balloon;FILLER;FILLER
839;You Can Hear The Tengu's Voice;FILLER;FILLER
840;The Last Gift;FILLER;FILLER
841;The Rainy Bus Stop;FILLER;FILLER
842;Turning Point on a Driving Date;FILLER;FILLER
843;The Detective Boys in a Grove (Part 1);MANGA CANON;Tiny hints related to Sera's outside sister.
844;The Detective Boys in a Grove (Part 2);MANGA CANON;Tiny hints related to Sera's outside sister.
845;Conan Cornered in the Darkness (Part 1);FILLER;FILLER
846;Conan Cornered in the Darkness (Part 2);FILLER;FILLER
847;Chiba's Difficult UFO Case (Part 1);MANGA CANON;Detective Chiba and Miike development. There is also a lot of random recap for little details from the main plot, in case you need a refresher.
848;Chiba's Difficult UFO Case (Part 2);MANGA CANON;Detective Chiba and Miike development. There is also a lot of random recap for little details from the main plot, in case you need a refresher.
849;The Marriage Registration's Password (Part 1);MAIN PLOT;Yumi development, plus contains some really important background on Haneda Shukichi if you look really closely. Also relevant to Shuuichi.
850;The Marriage Registration's Password (Part 2);MAIN PLOT;Yumi development, plus contains some really important background on Haneda Shukichi if you look really closely. Also relevant to Shuuichi.
851;The Descent Into Hell Tour of Love (Beppu Chapter);FILLER;FILLER
852;The Descent Into Hell Tour of Love (Oita Chapter);FILLER;FILLER
853;Memories from Sakura Class (Ran GIRL);MANGA CANON;Shinichi case.
854;Memories from Sakura Class (Shinichi BOY);MANGA CANON;Shinichi case.
855;The Mystery of the Vanished Black Belt;FILLER;FILLER
856;The Secret of the Celebrity Couple;FILLER;FILLER
857;The Shifting Mystery of Beika City (Part 1);FILLER;FILLER
858;The Shifting Mystery of Beika City (Part 2);FILLER;FILLER
859;The Dark Mountain Route;FILLER;FILLER
860;The Security System's Pitfall;FILLER;FILLER
861;Just Like a 17 Years Old Crime Scene (Part 1);MAIN PLOT;Black Organization setup with some Subaru, Amuro, Sera, and Sera's outside sister development.
862;Just Like a 17 Years Old Crime Scene (Part 2);MAIN PLOT;Black Organization setup with some Subaru, Amuro, Sera, and Sera's outside sister development.
863;The Spirit Detective's Murder (Part 1);MAIN PLOT;Black Organization setup with some Subaru, Amuro, Sera, and Sera's outside sister development.
864;The Spirit Detective's Murder (Part 2);MAIN PLOT;Black Organization setup with some Subaru, Amuro, Sera, and Sera's outside sister development.
865;The Foul-Mouthed Myna Bird;FILLER;FILLER
866;The Betrayal's Stage (Part 1);MAIN PLOT;Black Organization setup with some Subaru, Amuro, Sera, and Sera's outside sister development.
867;The Betrayal's Stage (Part 2);MAIN PLOT;Black Organization setup with some Subaru, Amuro, Sera, and Sera's outside sister development.
868;The Whistling Bookstore;FILLER;FILLER
869;Conan Disappeared on the Cliff (Part 1);FILLER;FILLER
870;Conan Disappeared on the Cliff (Part 2);FILLER;FILLER
871;The Nobunaga 450 Case;FILLER;FILLER
872;Conan and Heiji's Nue Legend (Squealing);MANGA CANON;Heiji case. Introduces Ōoka Momiji. Also a very brief follow-up for Ran from episodes 866-867.
873;Conan and Heiji's Nue Legend (Claw);MANGA CANON;Heiji case. Introduces Ōoka Momiji. Also a very brief follow-up for Ran from episodes 866-867.
874;Conan and Heiji's Nue Legend (Resolution);MANGA CANON;Heiji case. Introduces Ōoka Momiji. Also a very brief follow-up for Ran from episodes 866-867.
875;The Mysterious Prophetic Buddha;FILLER;FILLER
876;The Mechanical Witness;FILLER;FILLER
877;A Pair of Crossing Fates;FILLER;FILLER
878;The Blind Spot in the Dressing Room (Part 1);MAIN PLOT;Sera development.
879;The Blind Spot in the Dressing Room (Part 2);MAIN PLOT;Sera development.
880;The Detective Boys and the Ghost Mansion;FILLER;FILLER
881;The Wizard of the Ripples (Part 1);MAIN PLOT;Shinichi case, with development for Sera, Shūichi, et al.
882;The Wizard of the Ripples (Part 2) (Remastered)[2];MAIN PLOT;Shinichi case, with development for Sera, Shūichi, et al.
883;The Pop-up Book Bomber (Part 1);FILLER;FILLER
884;The Pop-up Book Bomber (Part 2);FILLER;FILLER
885;Solving Mysteries at the Poirot Café (Part 1);MANGA CANON;Heiji and Amuro case. Introduces Iori Muga. And some Momiji development.
886;Solving Mysteries at the Poirot Café (Part 2);MANGA CANON;Heiji and Amuro case. Introduces Iori Muga. And some Momiji development.
887;Kaitou Kid and the Trick Box (Part 1);MANGA CANON;Kaitō Kid.
888;Kaitou Kid and the Trick Box (Part 2);MANGA CANON;Kaitō Kid.
889;The New Teacher's Skeleton Case (Part 1);MAIN PLOT;Introduces Wakasa Rumi.
890;The New Teacher's Skeleton Case (Part 2);MAIN PLOT;Introduces Wakasa Rumi.
891;Bakumatsu Revolution Mystery Tour (Yamaguchi Part);FILLER;FILLER
892;Bakumatsu Revolution Mystery Tour (Hagi Part);FILLER;FILLER
893;The Mystery of the Michelin Starred Restaurant;FILLER;FILLER
894;The Tokyo-Style Detective Show Next Door (Part 1);MAIN PLOT;Introduces Wakita Kanenori.
895;The Tokyo-Style Detective Show Next Door (Part 2);MAIN PLOT;Introduces Wakita Kanenori.
896;The Woman with White Hands (Part 1);MAIN PLOT;Rumi-sensei development.
897;The Woman with White Hands (Part 2);MAIN PLOT;Rumi-sensei development.
898;The Melting Cake!;FILLER;FILLER
899;The Real Culprit's Scream;FILLER;FILLER
900;Solving Mysteries in a Locked Room;FILLER;FILLER
901;Lawyer Kisaki's SOS (Part 1);FILLER;FILLER
902;Lawyer Kisaki's SOS (Part 2);FILLER;FILLER
903;Birds of a Feather at Loggerheads;FILLER;FILLER
904;Result of the Draw;FILLER;FILLER
905;Eyewitness Testimony Seven Years Later (Part 1);FILLER;FILLER
906;Eyewitness Testimony Seven Years Later (Part 2);FILLER;FILLER
907;The J League Bodyguard;FILLER;FILLER
908;Friendship Washed Away in the Riverbed;FILLER;FILLER
909;Mystery of the Burning Tent (Part 1);MAIN PLOT;Kuroda and Rumi-sensei development.
910;Mystery of the Burning Tent (Part 2);MAIN PLOT;Kuroda and Rumi-sensei development.
911;The Job Request from Inspector Megure;FILLER;FILLER
912;The Detective Boys Become Models;FILLER;FILLER
913;Conan Kidnapped (Part 1);FILLER;FILLER
914;Conan Kidnapped (Part 2);FILLER;FILLER
915;High School Girl Detective Sonoko Suzuki;FILLER;FILLER
916;The Kendo Tournament of Love and Mystery (Part 1);MANGA CANON;Heiji case.
917;The Kendo Tournament of Love and Mystery (Part 2)(Remastered)[2];MANGA CANON;Heiji case.
918;The Mini Patrol Car Police's Big Chase;FILLER;FILLER
919;The High School Girl Trio's Secret Café (Part 1);MANGA CANON;Setup. Slight Amuro development.
920;The High School Girl Trio's Secret Café (Part 2);MANGA CANON;Setup. Slight Amuro development.
921;The Murderous Carpool;FILLER;FILLER
922;The Disappeared Detective Boys;FILLER;FILLER
923;A Day Without Conan;FILLER;FILLER
924;The Sun Sets in Tangerine Fields;FILLER;FILLER
925;The Heartfelt Strap (Part 1);MAIN PLOT;"""Scarlet School Trip""—Shinichi case. Main character development. Also some Sera Masumi and Mary development. (1 Hour Special)"
926;The Heartfelt Strap (Part 2);MAIN PLOT;"""Scarlet School Trip""—Shinichi case. Main character development. Also some Sera Masumi and Mary development. (1 Hour Special)"
927;The Scarlet School Trip (Bright Red Arc) (1 Hour Special);MAIN PLOT;"""Scarlet School Trip""—Shinichi case. Main character development. Also some Sera Masumi and Mary development."
928;The Scarlet School Trip (Red Love Arc) (1 Hour Special);MAIN PLOT;"""Scarlet School Trip""—Shinichi case. Main character development. Also some Sera Masumi and Mary development."
929;A Woman Standing by the Window (Part 1);FILLER;FILLER
930;A Woman Standing by the Window (Part 2);FILLER;FILLER
931;The Northern Kyushu Mystery Tour (Kokura Arc);FILLER;FILLER
932;The Northern Kyushu Mystery Tour (Moji Arc);FILLER;FILLER
933;Thoroughbred Kidnapping Case‎‎ (Part 1);FILLER;FILLER
934;Thoroughbred Kidnapping Case‎‎ (Part 2);FILLER;FILLER
935;The Fortuneteller and the Three Customers‎‎;FILLER;FILLER
936;Intrigue at the Food Court;FILLER;FILLER
937;The Killer Fist of Talos (Part 1);FILLER;FILLER
938;The Killer Fist of Talos (Part 2);FILLER;FILLER
939;The Dangerous Fossil Finding Trip;FILLER;FILLER
940;The Missing Girlfriend;FILLER;FILLER
941;Search for Maria-chan! (Part 1);MAIN PLOT;Followup from the previous case. Some slight Kuroda, Rumi-sensei, and Wakita development. Black Organization development.
942;Search for Maria-chan! (Part 2);MAIN PLOT;Followup from the previous case. Some slight Kuroda, Rumi-sensei, and Wakita development. Black Organization development.
943;The Tokyo Barls Collection;FILLER;FILLER
944;The Cost of Likes (Part 1);FILLER;FILLER
945;The Cost of Likes (Part 2);FILLER;FILLER
946;The Cursed Tears of Borgia (Part 1);FILLER;FILLER
947;The Cursed Tears of Borgia (Part 2);FILLER;FILLER
948;The Man Crushed by a Dinosaur;FILLER;FILLER
949;The Radio Questions and Concerns Show (Challenge Arc);FILLER;FILLER
950;The Radio Questions and Concerns Show (Solution Arc);FILLER;FILLER
951;The Whistling Bookstore 2;FILLER;FILLER
952;The Unsolved Cocktail Case (Part 1);MAIN PLOT;Amuro development.
953;The Unsolved Cocktail Case (Part 2);MAIN PLOT;Amuro development.
954;The Unsolved Cocktail Case (Part 3);MAIN PLOT;Amuro development.
955;The Secret of the Insect Man;FILLER;FILLER
956;The Mystery-Solving Water Taxi (Part 1);FILLER;FILLER
957;The Mystery-Solving Water Taxi (Part 2);FILLER;FILLER
958;The Poodle and the Shotgun (Part 1);FILLER;FILLER
959;The Poodle and the Shotgun (Part 2);FILLER;FILLER
960;Miss Lonely and the Detective Boys;FILLER;FILLER
961;The Glamping Mystery;FILLER;FILLER
962;Kogoro Mouri's Grand Lecture (Part 1);FILLER;FILLER
963;Kogoro Mouri's Grand Lecture (Part 2);FILLER;FILLER
964;Kogoro Mouri's Grand Lecture (Part 3);FILLER;FILLER
965;Kaiju Gomera vs. Kamen Yaiba (Prologue);FILLER;FILLER
966;Kaiju Gomera vs. Kamen Yaiba (Interlude);FILLER;FILLER
967;Kaiju Gomera vs. Kamen Yaiba (Climax);FILLER;FILLER
968;Kaiju Gomera vs. Kamen Yaiba (Finale);FILLER;FILLER
969;The Young Kaga Lady's Mystery Tour (Part 1);FILLER;FILLER
970;The Young Kaga Lady's Mystery Tour (Part 2);FILLER;FILLER
971;The Target is the Metropolitan Police Traffic Department (1);MAIN PLOT;Detective Chiba and Miike development. Kuroda development. Amuro development. Plus development for Yumi and Shūkichi in the background.
972;The Target is the Metropolitan Police Traffic Department (2);MAIN PLOT;Detective Chiba and Miike development. Kuroda development. Amuro development. Plus development for Yumi and Shūkichi in the background.
973;The Target is the Metropolitan Police Traffic Department (3);MAIN PLOT;Detective Chiba and Miike development. Kuroda development. Amuro development. Plus development for Yumi and Shūkichi in the background.
974;The Target is the Metropolitan Police Traffic Department (4);MAIN PLOT;Detective Chiba and Miike development. Kuroda development. Amuro development. Plus development for Yumi and Shūkichi in the background.
975;The Secret of the Search for his Wife;FILLER;FILLER
976;Follow Them! Detective Taxi;FILLER;FILLER
977;The Broken Fishbowl;FILLER;FILLER
978;The Case On the Opposite Shore;FILLER;FILLER
979;Leading a Detective Around By the Nose;FILLER;FILLER
980;An Encouragement of the Perfect Crime;FILLER;FILLER
981;Welcome to Bocchan Restaurant (Part 1);FILLER;FILLER
982;Welcome to Bocchan Restaurant (Part 2);FILLER;FILLER
983;Kid vs. Komei: The Targeted Lips (Part 1);MAIN PLOT;Heiji case, Kaitō Kid, Morofushi development, Amuro development, and Hiromitsu development.
984;Kid vs. Komei: The Targeted Lips (Part 2);MAIN PLOT;Heiji case, Kaitō Kid, Morofushi development, Amuro development, and Hiromitsu development.
985;The Two Faces (Part 1);FILLER;FILLER
986;The Two Faces (Part 2);FILLER;FILLER
987;The Company Dissolution Party;FILLER;FILLER
988;The Feuding Girls;FILLER;FILLER
989;The Case of Ayumi's Illustrated Diary;FILLER;FILLER
990;The Automatic Tragedy (Part 1);FILLER;FILLER
991;The Automatic Tragedy (Part 2);FILLER;FILLER
992;Murder at the Townhouse Café;FILLER;FILLER
993;Makoto Kyogoku the Understudy (Part 1);MAIN PLOT;Sera Masumi development. Also, Makoto is around.
994;Makoto Kyogoku the Understudy (Part 2);MAIN PLOT;Sera Masumi development. Also, Makoto is around.
995;Makoto Kyogoku the Understudy (Part 3);MAIN PLOT;Sera Masumi development. Also, Makoto is around.
996;The Skilled Hawk Hides His Crime;FILLER;FILLER
997;Intrigue at Smile Village;FILLER;FILLER
998;The Frying Pan of Hatred;FILLER;FILLER
999;Troublesome Kindness;FILLER;FILLER
1000;The Moonlight Sonata Murder (Part 1);FILLER;FILLER
1001;The Moonlight Sonata Murder (Part 2);FILLER;FILLER
1002;The Beika City Shopping Center Garbage Bin Mystery;FILLER;FILLER
1003;The 36-Cell Perfect Game (Part 1);MANGA CANON;Hiromitsu and Wakita development.
1004;The 36-Cell Perfect Game (Part 2);MANGA CANON;Hiromitsu and Wakita development.
1005;The 36-Cell Perfect Game (Part 3);MANGA CANON;Hiromitsu and Wakita development.
1006;Who Poisoned the Victim;FILLER;FILLER
1007;Out for Revenge (Part 1);FILLER;FILLER
1008;Out for Revenge (Part 2);FILLER;FILLER
1009;The Lost Article That Smells Like a Case;FILLER;FILLER
1010;The Idol Whose Smile Disappeared;FILLER;FILLER
1011;Picking Wild Plants and Clovers (Part 1);MAIN PLOT;Rumi-sensei development.
1012;Picking Wild Plants and Clovers (Part 2);MAIN PLOT;Rumi-sensei development.
1013;The Man Who Loved Too Much;FILLER;FILLER
1014;The Novelist Known as the Demon King;FILLER;FILLER
1015;Stakeout;FILLER;FILLER
1016;The Monorail Sniper Case (Part 1);FILLER;FILLER
1017;The Monorail Sniper Case (Part 2);FILLER;FILLER
1018;The Antique Tray Can't Be Hidden (Part 1);MAIN PLOT;Subaru, Sera Masumi and Mary development.
1019;The Antique Tray Can't Be Hidden (Part 2);MAIN PLOT;Subaru, Sera Masumi and Mary development.
1020;The Antique Tray Can't Be Hidden (Part 3);MAIN PLOT;Subaru, Sera Masumi and Mary development.
1021;Rondo in Bad Company;FILLER;FILLER
1022;The Cursed Museum;FILLER;FILLER
1023;The Whistling Bookstore 3;FILLER;FILLER
1024;Momiji Ooka's Challenge (Part 1);MAIN PLOT;Heiji case. Haneda Kōji development.
1025;Momiji Ooka's Challenge (Part 2);MAIN PLOT;Heiji case. Haneda Kōji development.
1026;The Wordless Witness;FILLER;FILLER
1027;Beyond the Curtain;FILLER;FILLER
1028;Ballad of the Woman Who Loved Cake;FILLER;FILLER
1029;Police Academy Arc Wild Police Story CASE. Jinpei Matsuda;FILLER;FILLER
1030;The Blank Year (Part 1);FILLER;FILLER
1031;The Blank Year (Part 2);FILLER;FILLER
1032;Ran Mouri, The Model;FILLER;FILLER
1033;Taiko Meijin's Shogi Board (Opening Move);MANGA CANON;Shūkichi, Yumi, Shūichi, and Mary development.
1034;Taiko Meijin's Shogi Board (Brilliant Move);MANGA CANON;Shūkichi, Yumi, Shūichi, and Mary development.
1035;Taiko Meijin's Shogi Board (Checkmate);MANGA CANON;Shūkichi, Yumi, Shūichi, and Mary development.
1036;Whiteout (Part 1);FILLER;FILLER
1037;Whiteout (Part 2);FILLER;FILLER
1038;Police Academy Arc Wild Police Story CASE. Wataru Date;FILLER;FILLER
1039;The Flying Jack-o'-lantern;FILLER;FILLER
1040;The Case of Ayumi's Illustrated Diary 2;FILLER;FILLER
1041;The Unstated Alibi;FILLER;FILLER
1042;Police Academy Arc Wild Police Story CASE. Kenji Hagiwara;FILLER;FILLER
1043;The Figure of Revenge;FILLER;FILLER
1044;The Deadly Pork Soup Signal;FILLER;FILLER
1045;The Birthday Party of Divine Punishment (Part 1);MAIN PLOT;Sera Masumi and Mary development and some Black Organization.
1046;The Birthday Party of Divine Punishment (Part 2);MAIN PLOT;Sera Masumi and Mary development and some Black Organization.
1047;The Red Sheep's Eerie Game (Part 1);FILLER;FILLER
1048;The Red Sheep's Eerie Game (Part 2);FILLER;FILLER
1049;The Threat to Megure's Police Career;FILLER;FILLER
1050;Intrigue at Morikawa Mansion (Part 1);FILLER;FILLER
1051;Intrigue at Morikawa Mansion (Part 2);FILLER;FILLER
1052;The Detective Boys' Test of Courage;FILLER;FILLER
1053;The Spark That Fell on the Ranch (Part 1);MAIN PLOT;Rumi development.
1054;The Spark That Fell on the Ranch (Part 2);MAIN PLOT;Rumi development.
1055;The Ghost's Revenge;FILLER;FILLER
1056;I Want My Husband Back;FILLER;FILLER
1057;Bad Guys;FILLER;FILLER
1058;The Man Who Camped Out at the Police Station;FILLER;FILLER
1059;Yoko Okino and the Locked Attic (Part 1);MAIN PLOT;Wakita development.
1060;Yoko Okino and the Locked Attic (Part 2);MAIN PLOT;Wakita development.
1061;Police Academy Arc Wild Police Story CASE. Hiromitsu Morofushi;FILLER;FILLER
1062;The Spiral of Rain and Malice;FILLER;FILLER
1063;The Targeted Chicken Sexer;FILLER;FILLER
1064;The Dreamy-Eyed Woman's Last Shot at Love;FILLER;FILLER
1065;Detectives Don't Sleep;FILLER;FILLER
1066;'Til Death Do Us Part;FILLER;FILLER
1067;The Shopping Center in Love;FILLER;FILLER
1068;Mitsuhiko Tsuburaya's Detective Notes;FILLER;FILLER
1069;The Sweet Voice Heard Through the Phone;FILLER;FILLER
1070;The Surprise That Leads to Tragedy;FILLER;FILLER
1071;Yusaku Kudo's Detective Show (Part 1);MANGA CANON;Kaitō Kid.
1072;Yusaku Kudo's Detective Show (Part 2);MANGA CANON;Kaitō Kid.
1073;The Detective Boys' Pursuit of the Purse-snatcher;FILLER;FILLER
1074;The Boiled Fugu Mystery Tour Showdown (Mojiko & Kokura Part);FILLER;FILLER
1075;The Boiled Fugu Mystery Tour Showdown (Shimonoseki Part);FILLER;FILLER
1076;The Charismatic CEO's Secret Plan;FILLER;FILLER
1077;The Black Organization's Scheme (Hunt);MAIN PLOT;"""The Black Organization's Scheme"""
1078;The Black Organization's Scheme (Landing);MAIN PLOT;"""The Black Organization's Scheme"""
1079;The Black Organization's Scheme (Identity);MAIN PLOT;"""The Black Organization's Scheme"""
1080;The Cameras Targeting Haibara;FILLER;FILLER
1081;My Beloved Dog Pan-kun Is a Good Boy;FILLER;FILLER
1082;The Alley of Sad Betrayal;FILLER;FILLER
1083;Behind the Scenes of the J League Finals;FILLER;FILLER
1084;The Freezing Cold Men;FILLER;FILLER
1085;The Inauspicious Matchmaking (Part 1);MANGA CANON;Heiji case.
1086;The Inauspicious Matchmaking (Part 2);MANGA CANON;Heiji case.
1087;The Case of Ayumi's Illustrated Diary 3;FILLER;FILLER
1088;The Unfortunate and Suspicious Victim‎‎;FILLER;FILLER
1089;The Genius Restaurant;FILLER;FILLER
1090;The Culprit Who Disappeared Into the Sleeping Town;FILLER;FILLER
1091;Girls Day Mystery;FILLER;FILLER
1092;Stakeout 2;FILLER;FILLER
1093;Akemi Miyano's Time Capsule (Part 1);MAIN PLOT;Haibara and Rumi development.
1094;Akemi Miyano's Time Capsule (Part 2);MAIN PLOT;Haibara and Rumi development.
1095;The Missing Man's Dream;FILLER;FILLER
1096;Mitsuhiko Tsuburaya's Detective Notes 2;FILLER;FILLER
1097;Did I Do It?;FILLER;FILLER
1098;Chihaya Hagiwara, Goddess of the Wind (Part 1);MANGA CANON;Introduces Hagiwara Chihaya.
1099;Chihaya Hagiwara, Goddess of the Wind (Part 2);MANGA CANON;Introduces Hagiwara Chihaya.
1100;The Troublesome 20 Million Yen;FILLER;FILLER
1101;Pride of the Immortal Man;FILLER;FILLER
1102;The Akabeko and the Three Lucky Men;FILLER;FILLER
1103;The Teen Novel That Smells Like Guilt;FILLER;FILLER
1104;The True Culprit is On the Run;FILLER;FILLER
1105;Kid vs. Amuro: Queen's Bang (Part 1);MANGA CANON;Kaitō Kid.
1106;Kid vs. Amuro: Queen's Bang (Part 2);MANGA CANON;Kaitō Kid.
1107;I Was Set Up;FILLER;FILLER
1108;The Secret Hidden By the Cards;FILLER;FILLER
1109;Takagi and Date and the Notebook Promise (Part 1);MANGA CANON;Takagi development.
1110;Takagi and Date and the Notebook Promise (Part 2);MANGA CANON;Takagi development.
1111;Rube Goldberg Machine (Part 1);FILLER;FILLER
1112;Rube Goldberg Machine (Part 2);FILLER;FILLER
1113;Last Dinner For You;FILLER;FILLER
1114;The Holed-Up Sensation;FILLER;FILLER
1115;Chihaya and Jugo's Matchmaking Party (Part 1);MANGA CANON;Hagiwara Chihaya development.
1116;Chihaya and Jugo's Matchmaking Party (Part 2);MANGA CANON;Hagiwara Chihaya development.
1117;Karate Teacher Ran Mouri;FILLER;FILLER
1118;Girls Day Mystery 2;FILLER;FILLER
1119;The Four-Person Class Reunion;FILLER;FILLER
1120;Mystery of the Lost Treasure;FILLER;FILLER
1121;The Dangerous Melon Field;FILLER;FILLER
1122;Stakeout 3;FILLER;FILLER
1123;The Body on the Gunma-Nagano Border (Part 1);FILLER;FILLER
1124;The Body on the Gunma-Nagano Border (Part 2);FILLER;FILLER
1125;The Case of Ayumi's Illustrated Diary 4;FILLER;FILLER
1126;The Detective Who Lost His Mind;FILLER;FILLER
1127;The Interrogation Room 2;FILLER;FILLER
1128;Conan and Megure's Two Hostages (Part 1);FILLER;FILLER
1129;Conan and Megure's Two Hostages (Part 2);FILLER;FILLER
;;;
;;;
;;;
;;;
;;;
;;;
Episode;Episode title;KAY;Description
;;;
